探员卡特 / Marvel One-Shot: Agent Carter,探员卡特,7.5,3315,Louis D'Esposito,Eric Pearson,海莉·阿特维尔/沙恩·布莱克/多米尼克·库珀/Greg Haines/Jacob McCafferty/尼尔·麦克唐纳/布莱德利·惠特福德,动作/科幻/冒险,美国,2013-08-20,15分29秒
雷神 / Thor,雷神,6.6,117933,肯尼思·布拉纳,Ashley Miller/Mark Protosevich/Zack Stentz/Don Payne/J·迈克尔·斯特拉辛斯基/斯坦·李/Larry Lieber/杰克·科比,克里斯·海姆斯沃斯/汤姆·希德勒斯顿/娜塔莉·波特曼/安东尼·霍普金斯/斯特兰·斯卡斯加德/凯特·戴琳斯/克拉克·格雷格/伊德里斯·艾尔巴/科鲁姆·费奥瑞/雷·史蒂文森/浅野忠信/杰米·亚历山大/蕾妮·罗素/艾德里安娜·巴拉扎/杰瑞米·雷纳/乔希·达拉斯,动作/奇幻/冒险,美国,2011-05-08(中国大陆)/2011-05-06(美国),114分钟
洛城机密 / L.A. Confidential,洛城机密,8.6,73489,柯蒂斯·汉森,布莱恩·海尔格兰德/柯蒂斯·汉森/詹姆斯·艾罗瑞,凯文·史派西/罗素·克劳/盖·皮尔斯/詹姆斯·克伦威尔/金·贝辛格/丹尼·德维托/大卫·斯特雷泽恩/朗·瑞弗金/格拉汉姆·贝克尔/安贝尔·史密斯/John Mahon/保罗·吉尔福伊尔/马特·麦考伊/保罗·塞甘蒂/西蒙·贝克/达雷尔·桑迪/马里索尔·帕迪拉·桑切斯/格温达·迪肯/肖尼·弗里·琼斯/伊丽莎白·格兰里/桑德拉·泰勒/史蒂夫·兰金,剧情/悬疑/惊悚/犯罪,美国,1997-09-19(美国),138分钟
电话谋杀案 / Dial M for Murder,电话谋杀案,8.6,20463,阿尔弗雷德·希区柯克,弗雷德里克·诺特,雷·米兰德/格蕾丝·凯利/罗伯特·卡明斯/约翰·威廉姆斯/安东尼·道森/利奥·布里特/帕特里克·艾伦/乔治·利/罗温·休斯,悬疑/惊悚/犯罪,美国,1954-05-29(美国),105分钟/88分钟(葡萄牙)
万能钥匙 / The Skeleton Key,万能钥匙,7.8,155342,伊恩·索夫特雷,伊伦·克鲁格,凯特·哈德森/吉娜·罗兰兹/约翰·赫特/彼得·萨斯加德/乔伊·布赖恩特/麦克辛·巴内特/法隆尼·R·哈里斯/马龙·泽瑟/安·达芮普/迪内·泰勒/楚拉·M·马库斯/松雅·斯塔森/托马斯·尤斯卡利/Jen Apgar/弗里斯特·兰蒂斯,悬疑/惊悚/恐怖,美国/德国,2005-07-29(英国)/2005-08-12(美国),104 分钟
半生缘 / 半生緣,半生缘,7.7,36191,许鞍华,张爱玲/陈建忠,黎明/吴倩莲/梅艳芳/黄磊/葛优/吴辰君/王志文/朱曼芳,剧情/爱情,香港/中国大陆,1997-09-12,
暴力街区 / Banlieue 13,暴力街区,8.0,73032,皮埃尔·莫瑞尔,吕克·贝松/毕比·纳西利,塞瑞尔·拉菲利/大卫·贝利/Tony D'Amario/毕比·纳西利/丹妮·沃瑞西莫/François Chattot/Nicolas Woirion/Patrick Olivier/萨米尔·盖丝米/Jérôme Gadner/Tarik Boucekhine/Grégory Jean/Warren Zavatta/Dominique Dorol/卢德维克·伯特希尔克,动作/犯罪,法国,2004-11-10(法国),84 分钟
国家公敌 / Enemy of the State,国家公敌,8.0,68985,托尼·斯科特,大卫·马可尼,威尔·史密斯/吉恩·哈克曼/强·沃特/莉莎·博内特/雷吉娜·金/斯图亚特·维尔森/劳拉·凯洛蒂/劳恩·迪恩/巴里·佩珀/伊恩·哈特/杰克·布塞/斯科特·凯恩/杰森·李/加布里埃尔·伯恩/詹姆斯·勒格罗/丹·巴特勒/杰克·布莱克/杰米·肯尼迪/博德希·埃夫曼/安娜·冈/加斯查·华盛顿/汤姆·塞兹摩尔,剧情/动作/惊悚,美国,1998-11-20(美国),132分钟/140分钟(加长版)
谍影重重3 / The Bourne Ultimatum,谍影重重3,8.7,170807,保罗·格林格拉斯,托尼·吉尔罗伊/斯科特·Z·本恩斯,马特·达蒙/朱丽娅·斯蒂尔斯/大卫·斯特雷泽恩/斯科特·格伦/帕迪·康斯戴恩/埃德加·拉米雷兹/阿尔伯特·芬尼/琼·艾伦/Tom Gallop/克里·约翰逊/丹尼尔·布鲁赫/乔伊·安沙/科林·斯廷顿/丹·弗雷登堡/Lucy Liemann,动作/悬疑/惊悚,美国/德国,2007-11-15(中国大陆)/2007-08-03(美国),115分钟
空中监狱 / Con Air,空中监狱,8.1,107751,西蒙·韦斯特,斯科特·罗森伯格,尼古拉斯·凯奇/约翰·库萨克/约翰·马尔科维奇/文·瑞姆斯/科尔姆·米尼/麦凯尔泰·威廉逊/尼克·齐兰德/大卫·查普尔/雷切尔·蒂科汀/史蒂夫·布西密/丹尼·特雷霍/迈克·康纳·盖尼/兰德里·阿尔伯特/莫妮卡·波特/杰西·博雷格/何塞·祖尼加/耐德·巴拉米/约翰·罗斯留斯/弗瑞德里克·林恩/安吉拉·范泽斯通/道格·休切逊/大卫·莱姆希/埃米里奥·瑞弗拉/格雷格·科林斯/唐·戴维斯/雷诺里·圣地亚哥/Steve Eastin/Brendan Kelly/Carl Ciarfalio/Marty McSorley/Bob Stephenson/Scott Ditty/Conrad Goode/Mario Roberts/Ty Granderson Jones/Earl Billings/Billy Devlin/Mark Ginther/Thomas Rosales Jr./Eddie Perez,动作/惊悚/犯罪,美国,1997-06-06(美国),115分钟/123 分钟(加长版)
虎胆龙威4 / Live Free or Die Hard,虎胆龙威4,7.6,51714,伦·怀斯曼,马克·鲍姆贝克,布鲁斯·威利斯/蒂莫西·奥利芬特/贾斯汀·朗/李美琪/克利夫·柯蒂斯/乔纳森·萨多斯基/Andrew Friedman/凯文·史密斯/Yorgo Constantine/塞瑞尔·拉菲利/克里斯巴勒莫/玛丽·伊丽莎白·温斯特德/姜成镐/泽利科·伊万内克/克里斯蒂娜·张,动作/惊悚/犯罪,美国/英国,2007-11-22(中国大陆)/2007-06-27(美国),128 分钟/129 分钟(未分级版)
江湖情,江湖情,6.9,4386,黄泰来 (Taylor Wong),萧若元,周润发/刘德华/谭咏麟/刘嘉玲/万梓良/李修贤/王小凤,剧情/动作/惊悚/犯罪,香港,1987-01-01,104 分钟
新上海滩 / 新上海灘,新上海滩,7.5,23970,潘文杰,邹凯光/潘文杰/邵丽琼,张国荣/刘德华/宁静/李蕙敏/吴兴国/刘洵/黄佩霞/李健仁/郑雨盛,动作/惊悚/犯罪,香港,1996-07-13,96 分钟
上海皇帝之雄霸天下,上海皇帝之雄霸天下,7.7,3843,潘文杰,麦当雄/萧若元,吕良伟/郑则仕/徐锦江/刘嘉玲/叶童,剧情/悬疑/犯罪,香港,1993-05-13,
岁月风云之上海皇帝 / 歲月風雲之上海皇帝,岁月风云之上海皇帝,7.8,4616,潘文杰,麦当雄/萧若元,吕良伟/郑则仕/徐锦江/刘嘉玲/叶童,剧情/悬疑/犯罪,香港,1993-01-22,
五亿探长雷洛传III（大结局）,五亿探长雷洛传III（大结局）,7.1,2850,刘国昌,,刘德华/郭富城/邱淑贞,剧情/动作/爱情/犯罪,香港,1992,
五亿探长雷洛传2：父子情仇 / 五億探長雷洛傳II之父子情仇,五亿探长雷洛传2：父子情仇,7.2,9824,刘国昌,,刘德华/郭富城/吴孟达/邱淑贞/张敏/秦沛,剧情/犯罪,香港,1991-10-10(香港),111 分钟
秋天的童话 / 秋天的童話,秋天的童话,8.4,43488,张婉婷,罗启锐,周润发/钟楚红/陈百强/黄淑仪,剧情/爱情,香港,1987-07-16,
投奔怒海,投奔怒海,8.4,6457,许鞍华,邱刚健,林子祥/缪骞人/马斯晨/刘德华/奇梦石/郝嘉陵,剧情,香港,1982-10-13,109 分钟
阮玲玉,阮玲玉,8.4,43650,关锦鹏,邱刚健,张曼玉/吴启华/刘嘉玲/梁家辉/叶童/秦汉/李子雄/周杰,剧情/爱情/传记,香港,1991-11-29(台湾)/1992-02-20(香港),126 分钟(澳大利亚)/147 分钟(导演剪辑版)/118 分钟(edited version)/154 分钟(restored DVD version)
流星语 / 流星語,流星语,8.5,7118,张之亮,邓汉强,张国荣/叶靖岚/狄龙/吴家丽/琦琦/李蕙敏/白嘉倩/林家栋/沈傲君,剧情/喜剧,香港,1999-10-14,110分钟
阿郎的故事,阿郎的故事,8.5,56745,杜琪峰,郑忠泰/吴文辉,周润发/张艾嘉/黄坤玄/吴孟达/王天林,剧情,香港,1989-03-16(香港)/1991-04-20(日本),99分钟
笼民 / 籠民,笼民,8.8,3266,张之亮,张之亮/吴沧洲/黄仁达/钱耀恒,黄家驹/乔宏/廖启智/陈国新/泰迪·罗宾/李名炀/刘洵/刘以达/邱礼涛/祖·尊尼亚/谷峰/胡枫,剧情,香港,1992-09-16,
南海十三郎,南海十三郎,9.0,11312,高志森,杜国威,谢君豪/潘灿良/苏玉华/梁汉威/吴绮莉/黄霑/周志辉,剧情/爱情/传记,香港,1997-05-15(香港),110分钟
一天 / One Day,一天,7.8,270437,罗勒·莎菲,大卫·尼克尔森,安妮·海瑟薇/吉姆·斯特吉斯/萝玛拉·嘉瑞/派翠西娅·克拉克森/拉菲·斯波/肯·斯托特/Jodie Whittaker,剧情/爱情,美国/英国,2011-08-19(美国),107分钟
大逃杀 / バトル・ロワイアル,大逃杀,,,,,,,,,
庸才 / ヒミズ,庸才,7.6,10877,园子温,园子温,染谷将太/二阶堂富美/渡边哲/吹越满/神乐坂惠/光石研/渡边真起子/黑泽明日香/绪方义博/村上淳/洼冢洋介/吉高由里子/西岛隆弘/铃木杏,剧情,日本,2012-01-14(日本),129分钟
地狱为何恶劣 / 地獄でなぜ悪い,地狱为何恶劣,7.5,9601,园子温,园子温,国村隼/二阶堂富美/堤真一/长谷川博己/星野源/友近/板尾创路/尾上宽之/坂口拓/渡边哲/永冈佑/北村昭博/神乐坂惠/深水元基/诹访太朗,剧情/喜剧,日本,2013-09-28,129分钟
恶之教典 / 悪の教典,恶之教典,7.0,16991,三池崇史,三池崇史/贵志祐介,伊藤英明/二阶堂富美/染谷将太/林遣都/浅香航大/水野绘梨奈/山田孝之/平岳大/吹越满,惊悚,日本,2012-11-10(日本),129分钟
杀手阿一 / 殺し屋1,杀手阿一,7.4,21590,三池崇史,山本英夫/佐藤佐吉,浅野忠信/大森南朋/塚本晋也/萨布/孙佳君/寺岛进/菅田俊/涩川清彦/松尾铃木,剧情/喜剧/动作/悬疑/惊悚/犯罪,日本,2001-09-14(多伦多电影节)/2001-12-22(日本),129分钟
无敌浩克 / The Incredible Hulk,无敌浩克,6.8,75953,路易斯·莱特里尔,扎克·佩恩,爱德华·诺顿/丽芙·泰勒/蒂姆·罗斯/威廉·赫特/蒂姆·布雷克·尼尔森,动作/科幻/惊悚,美国,2008-08-20(中国大陆)/2008-06-13(美国),112 分钟
声之形 / 聲の形,声之形,7.7,7641,山田尚子,吉田玲子/大今良时,入野自由/早见沙织/悠木碧/小野贤章/金子有希/石川由依/潘惠美/丰永利行/松冈茉优,剧情/爱情/动画,日本,2016-09-17(日本),129分钟
宝贝老板 / The Boss Baby,宝贝老板,7.3,10568,汤姆·麦格拉思,迈克尔·麦库勒斯/玛拉·弗雷齐,亚历克·鲍德温/迈尔斯·克里斯托弗·巴克什/吉米·坎摩尔/丽莎·库卓/史蒂夫·布西密/托比·马奎尔/詹姆斯·麦格拉思/康拉德·弗农/薇薇安·叶/小埃里克·贝尔/大卫·索伦/伊迪·米尔曼/詹姆斯·雷恩/沃尔特·道恩/朱尔斯·温特,喜剧/动画,美国,2017-03-12(迈阿密电影节)/2017-03-31(美国),97分钟
在这世界的角落 / この世界の片隅に,在这世界的角落,7.6,11992,片渊须直,片渊须直/河野史代,能年玲奈/细谷佳正/尾身美词/稻叶菜月/牛山茂/新谷真弓/小野大辅/岩井七世/潘惠美/京田尚子/涩谷天外/小山刚志/津田真澄,剧情/动画/战争,日本,2016-11-12(日本),126分钟
穿普拉达的女王 / The Devil Wears Prada,穿普拉达的女王,7.9,310276,大卫·弗兰科尔,艾莲·布洛什·麦肯纳,安妮·海瑟薇/梅丽尔·斯特里普/艾米莉·布朗特/斯坦利·图齐/西蒙·贝克/艾德里安·格尼尔/吉赛尔·邦辰,剧情/爱情,美国/法国,2007-02-27(中国大陆)/2006-06-30(美国),109 分钟
初恋50次 / 50 First Dates,初恋50次,7.9,190297,彼得·西格尔,George Wing,亚当·桑德勒/德鲁·巴里摩尔/罗伯·施奈德/西恩·奥斯汀/卢西亚·斯杜斯/丹·艾克罗伊德/艾米·希尔/艾伦·卡瓦特/布莱克·克拉克/玛娅·鲁道夫/Pomaika'i Brown/Joe Nakashima/彼得·丹特/Dom Magwili/Jonathan Loughran/琳恩·柯林斯/杰姬·桑德勒/凯文·詹姆斯/米西·派勒,喜剧/爱情,美国,2004-06-25(中国大陆)/2004-02-13(美国),99分钟
彗星来的那一夜 / Coherence,彗星来的那一夜,8.3,149156,詹姆斯·沃德·布柯特,詹姆斯·沃德·布柯特/亚历克斯·马努吉安,艾米丽·芭尔多尼/莫瑞·史特林/尼古拉斯·布兰登/伊丽莎白·格瑞斯/亚历克斯·马努吉安/劳伦·马赫/雨果·阿姆斯特朗/劳伦·斯卡法莉娅,科幻/悬疑/惊悚,美国/英国,2013-09-19(奥斯汀奇幻电影节)/2014-08-06(美国),89分钟
机械姬 / Ex Machina,机械姬,7.5,108956,亚历克斯·加兰,亚历克斯·加兰,奥斯卡·伊萨克/多姆纳尔·格里森/艾丽西亚·维坎德/克里·约翰逊/黛博拉·罗桑/李仙湖/水野索诺娅/Evie Wray,剧情/科幻/悬疑/惊悚,英国,2015-01-21(英国)/2015-04-10(美国),108分钟
明日边缘 / Edge of Tomorrow,明日边缘,8.0,230475,道格·里曼,克里斯托弗·麦奎里/杰斯·巴特沃斯/约翰-亨利·巴特沃斯/樱坂洋,汤姆·克鲁斯/艾米莉·布朗特/布莱丹·格里森/比尔·帕克斯顿/约纳斯·阿姆斯特朗/托尼·威/奇克·盖瑞/弗朗茨·德拉姆/德拉戈米尔·米希克/夏洛特·莱利/羽田正义/特伦斯·梅纳德/诺亚·泰勒/拉娜·普尔弗/玛德琳·曼托克,动作/科幻,美国/加拿大,2014-06-06(美国/中国大陆),114分钟(中国大陆)/113分钟(美国)
火星救援 / The Martian,火星救援,8.4,284434,雷德利·斯科特,德鲁·高达/安迪·威尔,马特·达蒙/杰西卡·查斯坦/克里斯汀·韦格/杰夫·丹尼尔斯/迈克尔·佩纳/凯特·玛拉/肖恩·宾/塞巴斯蒂安·斯坦/唐纳德·格洛弗/切瓦特·埃加福特/阿卡塞尔·亨涅/陈数/高雄/本尼迪克特·王/麦肯兹·戴维斯/娜奥米·斯科特/丽丽·博尔丹/布莱恩·卡斯佩,剧情/科幻/冒险,美国/英国,2015-11-25(中国大陆)/2015-10-02(美国),144分钟/151分钟(加长版)
绑架者,绑架者,4.9,20176,徐静蕾/杨翌舒,徐静蕾/杨翌舒,白百何/黄立行/明道/李淳/李玖哲/徐静蕾/梁天,动作/犯罪,中国大陆/台湾/香港,2017-03-31(中国大陆),95分钟
亚瑟王：斗兽争霸 / King Arthur: Legend of the Sword,亚瑟王：斗兽争霸,7.5,19204,盖·里奇,卓比·哈罗德/盖·里奇/莱昂内尔·威格拉姆/大卫·道金,查理·汉纳姆/裘德·洛/阿斯特丽德·伯格斯-弗瑞斯贝/米卡埃尔·佩斯布兰特/杰曼·翰苏/安娜贝拉·沃丽丝/艾瑞克·巴纳/艾丹·吉伦/尼尔·马斯克尔/赫敏·科菲尔德/凯蒂·麦克格雷斯/杰奎·安斯蕾/弗莱迪·福克斯/波比·迪瓦伊/朱利安·西格尔/大卫·贝克汉姆/杰夫·贝尔/米莉·布拉迪/乔治娜·坎贝尔/丹尼尔·斯蒂森/伊琳·珀威尔/迈克尔·麦克埃尔哈顿/阿德里安·布薛特/彼得·费迪南多/汤姆·吴/金斯利·本-阿德/盖·里奇,动作/奇幻/冒险,美国,2017-05-12(中国大陆/美国),126分钟
当怪物来敲门 / A Monster Calls,当怪物来敲门,7.1,16218,胡安·安东尼奥·巴亚纳,帕特里克·内斯/西沃恩·道德,刘易斯·麦克杜格尔/西格妮·韦弗/菲丽希缇·琼斯/连姆·尼森/托比·凯贝尔/本·摩尔/詹姆斯·梅尔维尔/多米尼克·博伊尔/詹尼弗·林/摩根·赛姆斯/弗瑞达·帕尔森/婉妲·奥普琳斯卡,剧情/儿童/奇幻,美国/西班牙/英国,2017-05-19(中国大陆)/2016-09-09(多伦多电影节)/2016-10-07(西班牙)/2017-01-06(美国),108分钟
银河护卫队2 / Guardians of the Galaxy Vol. 2,银河护卫队2,8.2,136919,詹姆斯·古恩,詹姆斯·古恩/丹·阿布内特/安迪·兰宁,克里斯·普拉特/佐伊·索尔达娜/戴夫·巴蒂斯塔/范·迪塞尔/布莱德利·库珀/凯伦·吉兰/迈克尔·鲁克/庞·克莱门捷夫/伊丽莎白·德比茨基/肖恩·古恩/库尔特·拉塞尔/克里斯·沙利文/大卫·哈塞尔霍夫/西尔维斯特·史泰龙/杨紫琼,动作/科幻/冒险,美国,2017-05-05(中国大陆/美国)/2017-04-25(澳大利亚),136分钟
荡寇风云,荡寇风云,6.3,4375,陈嘉上,陈嘉上,赵文卓/洪金宝/万茜/小出惠介/仓田保昭/唐文龙/刘俊孝/吴樾/木幡龙/王斑/洪天明,动作/传记/历史/战争/古装,中国大陆,2017-05-27(中国大陆),129分钟
加勒比海盗5：死无对证 / Pirates of the Caribbean: Dead Men Tell No Tales,加勒比海盗5：死无对证,7.4,127622,艾斯彭·山德伯格/乔阿吉姆·罗恩尼,特里·鲁西奥/泰德·艾略特/斯图尔特·贝亚蒂耶/杰夫·内桑森/杰·沃尔伯特,约翰尼·德普/哈维尔·巴登/杰弗里·拉什/布伦顿·思韦茨/卡雅·斯考达里奥/凯文·麦克纳利/格什菲·法拉哈尼/奥兰多·布鲁姆/凯拉·奈特莉/斯蒂芬·格拉汉姆/大卫·文翰/保罗·麦卡特尼/马丁·科勒巴/亚当·布朗/丹尼·基兰/马赫什·扎杜/胡安·卡洛斯·凡希多,动作/奇幻/冒险,美国,2017-05-26(中国大陆/美国),129分钟
朋友 / 친구,朋友,7.7,16033,郭暻泽,郭暻泽,张东健/刘五性/徐泰和/金甫京/朱玄/纪柱峰,剧情/动作/犯罪,韩国,2001-03-31(韩国),113分钟
城市猎人 / 시티헌터,城市猎人,8.0,53651,陈赫,黄恩庆,李敏镐/朴敏英/李俊赫/具荷拉/黄善熙/金相中/千虎珍/金相浩/李光洙/闵英媛/尹艺熙/郑俊/白胜贤,剧情/动作/惊悚,韩国,,
王者 / 더 킹,王者,7.4,14306,韩在林,韩在林,赵寅成/郑雨盛/裴晟祐/金雅中/柳俊烈/金素真/金义城/郑恩彩,剧情/犯罪,韩国,2017-01-18(韩国),134分钟/157分钟(加长版)
东方快车谋杀案 / オリエント急行殺人事件,东方快车谋杀案,7.3,9826,河野圭太,三谷幸喜/阿加莎·克里斯蒂,野村万斋/松岛菜菜子/二宫和也/杏/玉木宏/泽村一树/池松壮亮/八木亚希子/青木沙耶香/藤本隆宏/富司纯子/高桥克实/笹野高史/小林隆/草笛光子/西田敏行/吉濑美智子/佐藤浩市,剧情/悬疑/犯罪,日本,,
大侦探福尔摩斯 / Sherlock Holmes,大侦探福尔摩斯,7.5,187208,盖·里奇,迈克尔·罗伯特·约翰逊/安东尼·佩卡姆/西蒙·金伯格,小罗伯特·唐尼/裘德·洛/瑞秋·麦克亚当斯/马克·斯特朗/凯利·蕾莉,动作/悬疑/惊悚/犯罪/冒险,美国/德国,2010-02-25(中国大陆)/2009-12-25(美国),128分钟
胜者即是正义SP / リーガル・ハイSP,胜者即是正义SP,8.9,50207,石川淳一,古泽良太,堺雅人/新垣结衣/生濑胜久/小池荣子/田口淳之介/矢野圣人/里见浩太朗/荣仓奈奈/广末凉子/北大路欣也/堀内敬子,剧情/喜剧,日本,2013-04-13(日本),119分钟
奎迪 / Creed,奎迪,7.3,12373,瑞恩·库格勒,瑞恩·库格勒/亚伦·卡温顿/西尔维斯特·史泰龙,迈克尔·B·乔丹/西尔维斯特·史泰龙/泰莎·汤普森/菲利西亚·拉斯海德/安东尼·贝柳/伍德·哈里斯/安德烈·沃德/加布里埃尔·罗萨多/胡安·巴勃罗·维泽格/格拉汉姆·麦克泰维什/威尔·布拉格罗夫/马克·史密斯,剧情/运动,美国,2015-11-25(美国),133分钟
恐袭波士顿 / Patriots Day,恐袭波士顿,8.1,13565,彼得·博格,彼得·博格/马特·库克/约书亚·祖特曼/保罗·塔马西/埃瑞克·约翰逊,马克·沃尔伯格/米歇尔·莫纳汉/J·K·西蒙斯/约翰·古德曼/梅莉莎·班诺伊/凯文·贝肯/亚历克斯·沃尔夫/蕾切尔·布罗斯纳安/埃里卡·麦克德莫特/克里斯朵夫·奥谢/文森特·库拉托拉/詹姆斯·科尔比/欧阳万成/Themo Melikidze,剧情/惊悚/历史,美国,2016-11-17(AFI影展)/2017-01-13(美国),133分钟
边境杀手 / Sicario,边境杀手,7.4,49796,丹尼斯·维伦纽瓦,泰勒·谢里丹,艾米莉·布朗特/本尼西奥·德尔·托罗/乔什·布洛林/维克多·加博/乔·博恩瑟/丹尼尔·卡卢亚/杰弗里·多诺万/劳尔·特鲁希洛/胡里奥·赛迪罗/汉克·罗杰森/马克斯米利亚诺·赫尔南德斯/艾伦·D·柏温/迪兰·科宁/马修·佩奇/约翰·彼得·贝尔纳多,剧情/动作/犯罪,美国,2015-05-19(戛纳电影节)/2015-10-02(美国),121分钟
疾速追杀 / John Wick,疾速追杀,7.0,34113,大卫·里奇/查德·史塔赫斯基,德里克·科尔斯塔,基努·里维斯/迈克尔·恩奎斯特/阿尔菲·艾伦/威廉·达福/迪恩·文特斯/阿德琳妮·帕里奇/奥默·巴尼亚/托比·莱昂纳德·摩尔/丹尼尔·伯哈特/布丽姬·穆娜/约翰·雷吉扎莫/伊恩·麦柯肖恩/布里吉特·瑞根/兰斯·莱迪克/基思·雅各/托马斯·萨多斯基/克拉克·彼得斯/兰德尔·杜克·金/凯文·纳什/大卫·帕特里克·凯利/波·沙都/纳迪娅·凯/凡妮莎·万德·普卢姆,动作/惊悚/犯罪,美国/中国大陆,2014-09-19(奥斯汀奇幻电影节)/2014-10-24(美国),101分钟
怒火救援 / Man on Fire,怒火救援,8.1,39527,托尼·斯科特,A·J·昆奈尔/布莱恩·海尔格兰德,丹泽尔·华盛顿/达科塔·范宁/拉妲·米契尔/马克·安东尼/克里斯托弗·沃肯/吉安卡罗·吉安尼尼/雷切尔·蒂科汀/杰苏斯·欧乔阿/米基·洛克,剧情/动作/惊悚,美国/英国,2004-04-23(美国),146 分钟
硬核亨利 / Хардкор,硬核亨利,,,,,,,,,
秘密特工 / The Man from U.N.C.L.E.,秘密特工,8.0,69442,盖·里奇,盖·里奇/莱昂内尔·威格拉姆/杰夫·克利曼/大卫·威尔森/萨姆·罗尔夫,亨利·卡维尔/阿米·汉莫/艾丽西亚·维坎德/西尔维斯特·格罗斯/休·格兰特/杰瑞德·哈里斯/伊丽莎白·德比茨基/克里斯汀·伯克/乔治·利昂·马丁内斯/卢卡·卡尔瓦尼/大卫·贝克汉姆/丹尼尔·韦斯特伍德,喜剧/动作/冒险,美国/英国,2015-08-14(美国/英国),116分钟
突袭2：暴徒 / The Raid 2: Berandal,突袭2：暴徒,7.8,30465,加雷斯·埃文斯,加雷斯·埃文斯,伊科·乌艾斯/朱莉·埃斯特尔/雅彦·鲁伊安/阿里芬·普特拉/唐尼·阿兰西亚/奥卡·安塔拉/北村一辉/蒂奥·帕库苏德沃/松田龙平/远藤宪一/玛莎.蒂莫西/Cecep Arif Rahman/Alex Abbad,剧情/动作/犯罪,印度尼西亚/美国,2014-01-21(圣丹斯电影节)/2014-03-28(美国)/2014-03(印尼),150分钟
天龙特攻队 / The A-Team,天龙特攻队,7.6,54234,乔·卡纳汉,乔·卡纳汉/布莱恩·布鲁姆/斯基普·伍兹,连姆·尼森/布莱德利·库珀/沙尔托·科普雷/奎顿·杰克逊/杰西卡·贝尔/帕特里克·威尔森,动作/惊悚/冒险,美国,2010-06-11(美国),117 分钟/133分钟(加长版)
谍影重重5 / Jason Bourne,谍影重重5,7.3,111534,保罗·格林格拉斯,保罗·格林格拉斯/罗伯特·鲁德鲁姆/克里斯多福·劳斯,马特·达蒙/汤米·李·琼斯/艾丽西亚·维坎德/文森特·卡索/朱丽娅·斯蒂尔斯/里兹·阿迈德/内芙·加切夫/比尔·坎普/斯科特· 谢泼德/小田部阿基/拉斯科·阿特金斯/特雷弗·怀特/奥托·艾森度/艾米·德·毕罕,动作/悬疑/惊悚,美国,2016-08-23(中国大陆)/2016-07-29(美国),123分钟/124分钟(中国大陆)
生死狙击 / Shooter,生死狙击,7.7,78944,安东尼·福奎阿,乔纳森·勒姆金,马克·沃尔伯格/凯特·玛拉/迈克尔·佩纳/丹尼·格洛弗/伊莱亚斯·科泰斯/罗娜·迈特拉,动作/悬疑/惊悚/犯罪,美国,2007-05-12(中国大陆)/2007-03-23(美国),124分钟
伸冤人 / The Equalizer,伸冤人,7.4,31969,安东尼·福奎阿,理查德·温克/迈克尔·斯隆/Richard Lindheim,丹泽尔·华盛顿/马尔顿·索克斯/科洛·莫瑞兹/大卫·哈伯/海莉·贝内特/比尔·普尔曼/梅丽莎·里奥/大卫·梅尼尔/E·罗杰·米切尔/Alex Veadov/Vladimir Kulich/Mike O'Dea,动作/惊悚/犯罪,美国,2014-09-26(美国),131分钟
危机13小时 / 13 Hours: The Secret Soldiers of Benghazi,危机13小时,7.6,24975,迈克尔·贝,查克·霍根/米切尔·朱可夫,詹姆斯·戴尔/约翰·卡拉辛斯基/马克斯·马蒂尼/多米尼克·福穆萨/巴勃罗·施瑞博尔/大卫·丹曼/马特·莱斯切尔/托比·斯蒂芬斯/艾莉克西娅·芭利尔/弗雷迪·史卓玛/大卫·科斯塔贝尔/莉莎·伊娃斯蒂娜/安德烈·克劳德/大卫·君图力,剧情/动作/惊悚/战争,美国,2016-01-15(美国),144分钟
会计刺客 / The Accountant,会计刺客,7.3,29204,加文·欧康诺,比尔·迪比克,本·阿弗莱克/安娜·肯德里克/J·K·西蒙斯/乔·博恩瑟/杰弗里·塔伯/辛希亚·阿戴-罗宾森/约翰·利特高/珍·斯马特/安迪·昂伯格/艾莉森·赖特/杰森·戴维斯/罗伯特·C.特雷维勒/玛丽·克拉夫特/塞思·李/杰克·普雷斯利,剧情/动作/惊悚/犯罪,美国,2016-10-14(美国),128分钟
南方大作战 / 남쪽으로 튀어,南方大作战,7.4,2860,林顺礼,奥田英朗/金允石/李桂碧,金允石/吴妍秀/金成钧/韩艺礼,剧情/喜剧,韩国,2013-02-07(韩国),121分钟
嫌疑人 / 용의자,嫌疑人,7.3,16650,元新渊,林相润,孔侑/朴熙顺/赵成夏/刘多仁/金成钧/赵在允,动作,韩国,2013-12-24(韩国),137分钟
勇敢的心 / Braveheart,勇敢的心,8.8,286555,梅尔·吉布森,兰道尔·华莱士,梅尔·吉布森/苏菲·玛索/布莱恩·考克斯/詹姆斯·卡沙莫/辛·劳洛/凯瑟琳·麦克马克/安古斯·麦克菲登,剧情/动作/传记/历史/战争,美国,1995-05-24,177 分钟
乱世佳人 / Gone with the Wind,乱世佳人,9.2,263525,维克多·弗莱明/乔治·库克/山姆·伍德,玛格丽特·米歇尔/西德尼·霍华德/奥利弗·H·P·加勒特/本·赫克特/乔·斯沃林/约翰·范·德鲁登,托马斯·米切尔/芭芭拉·欧内尔/费雯·丽/克拉克·盖博/伊夫林·凯耶斯/安·卢瑟福德/乔治·里弗斯/弗莱德·克莱恩/海蒂·麦克丹尼尔斯/奥斯卡·波尔克/巴特弗莱·麦昆/维克托·乔里/埃弗雷特·布朗/霍华德·C·希克曼/艾丽西亚·瑞特/莱斯利·霍华德/奥利维娅·德·哈维兰/兰德·布鲁克斯/卡洛尔·奈/劳拉·霍普·克鲁斯/埃迪·安德森/哈里·达文波特,剧情/爱情/战争,美国,1940-01-17(美国),238分钟
机器人总动员 / WALL·E,机器人总动员,9.3,484812,安德鲁·斯坦顿,安德鲁·斯坦顿/吉姆·里尔顿/彼特·道格特,本·贝尔特/艾丽莎·奈特/杰夫·格尔林/佛莱德·威拉特,喜剧/爱情/科幻/动画/冒险,美国,2008-06-27(美国),98分钟
恐怖游轮 / Triangle,恐怖游轮,8.3,289792,克里斯托弗·史密斯,克里斯托弗·史密斯,梅利莎·乔治/利亚姆·海姆斯沃斯/迈克尔·多曼/瑞秋·卡帕尼/艾玛·朗/亨利·尼克松/约书亚·麦基弗,剧情/悬疑/惊悚,英国/澳大利亚,2009-10-16(英国),99 分钟
伽利略特别篇 / ガリレオΦ,伽利略特别篇,7.6,16220,西坂瑞城,福田靖,福山雅治/北村一辉/长泽雅美/三浦春马/香里奈/佐野和真/柳原晴郎/村松利史/渡边一计,剧情/悬疑/犯罪,日本,2008-10-08(日本),108分钟
神探伽利略XX 内海薰最后的案件 愚弄 / ガリレオXX 内海薫最後の事件 愚弄ぶ,神探伽利略XX 内海薰最后的案件 愚弄,8.1,13622,西谷弘,池上純哉,柴崎幸/中山裕介/柳乐优弥/福山雅治/吉高由里子/北村一辉/品川祐,剧情/悬疑,日本,2013-06-22,107分钟
海边的曼彻斯特 / Manchester by the Sea,海边的曼彻斯特,8.6,108280,肯尼思·洛纳根,肯尼思·洛纳根,卡西·阿弗莱克/卢卡斯·赫奇斯/米歇尔·威廉姆斯/C·J·威尔逊/凯尔·钱德勒/卡拉·海沃德/格瑞辰·摩尔/泰特·多诺万/埃里卡·麦克德莫特/希瑟·伯恩斯/蜜西·雅格/斯蒂芬·亨德森/约什·汉密尔顿/卡洛琳·皮克曼/肖恩·菲茨吉本/肯尼思·洛纳根/利亚姆·麦克尼尔/马修·布罗德里克,剧情/家庭,美国,2017-07(中国大陆)/2016-09-08(多伦多电影节)/2016-11-18(美国),137分钟
一个叫欧维的男人决定去死 / En man som heter Ove,一个叫欧维的男人决定去死,8.7,90446,汉内斯·赫尔姆,弗雷德里克·巴克曼/汉内斯·赫尔姆,罗夫·拉斯加德/巴哈·帕斯/托比亚斯·阿姆博瑞/菲利普·伯格/安娜-莱娜·布伦丁/博瑞·伦贝里/埃达·英格薇/弗雷德里克·埃弗斯/玛德琳·雅各布松/查特里娜·拉松/杰克尔·法尔斯特伦,剧情,瑞典,2015-12-25(瑞典),116分钟
间谍之桥 / Bridge of Spies,间谍之桥,8.0,51192,史蒂文·斯皮尔伯格,马特·查曼/伊桑·科恩/乔尔·科恩,汤姆·汉克斯/马克·里朗斯/斯科特· 谢泼德/艾米·莱安/塞巴斯蒂安·科赫/阿伦·阿尔达/奥斯汀·斯托维尔/比利·马格努森/伊芙·休森/杰西·普莱蒙/迈克尔·加斯顿/皮特·麦克罗比/多米尼克·隆巴多兹/布莱恩·胡奇森/约书亚·哈尔托/Mikhail Gorevoy,剧情/传记/历史,美国/德国/印度,2015-10-16(美国),141分钟
最佳出价 / La migliore offerta,最佳出价,8.3,56187,朱塞佩·托纳多雷,朱塞佩·托纳多雷,杰弗里·拉什/吉姆·斯特吉斯/西尔维娅·侯克斯/唐纳德·萨瑟兰/菲利普·杰克森/德尔莫特·克劳利/基努娜·斯塔梅尔/莉亚·科贝德/肖恩·布坎纳,剧情/爱情/悬疑,意大利,2013-01-01(意大利),131分钟
大卫·戈尔的一生 / The Life of David Gale,大卫·戈尔的一生,8.7,80237,艾伦·帕克,查尔斯·伦道夫,凯文·史派西/凯特·温丝莱特/劳拉·琳妮/加布里埃尔·曼/梅丽莎·麦卡西/罗娜·迈特拉,剧情/悬疑/犯罪,美国/德国/英国,2003-02-21(美国),130 分钟
看不见的客人 / Contratiempo,看不见的客人,8.7,89963,奥里奥尔·保罗,奥里奥尔·保罗,马里奥·卡萨斯/阿娜·瓦格纳/何塞·科罗纳/芭芭拉·蓝妮/法兰西斯克·欧瑞拉/帕科·图斯/大卫·塞尔瓦斯/伊尼戈·加斯特西/珊·叶拉姆斯/马内尔·杜尔索/布兰卡·马丁内斯/佩雷·布拉索/乔迪·布鲁内特/鲍毕·冈塞莱斯/玛蒂娜·乌尔塔多,悬疑/惊悚/犯罪,西班牙,2016-09-23(奇幻电影节)/2017-01-06(西班牙),106分钟
我是谁：没有绝对安全的系统 / Who Am I - Kein System ist sicher,我是谁：没有绝对安全的系统,8.0,66813,巴伦·博·欧达尔,巴伦·博·欧达尔/Jantje Friese,汤姆·希林/埃利亚斯·穆巴里克/沃坦·维尔克·默林/汉娜·赫斯普朗/崔娜·迪斯霍尔姆/李奥那多·卡劳/Antoine Monot Jr./Leopold Hornung/Katharina Matz/阿尔恩特·施韦林·索瑞,悬疑/惊悚/犯罪,德国,2014-09-25(德国),102分钟
扑通扑通我的人生 / 두근두근 내 인생,扑通扑通我的人生,7.1,15972,李在容,崔珉硕/李在容/吴晓珍,宋慧乔/姜栋元/曹成穆/白日燮/许俊硕/金素真/李东珉/李圣旻/金甲洙/金仁泰,剧情/家庭,韩国,2015-03-13(中国大陆)/2014-09-03(韩国),117分钟
黑司祭们 / 검은 사제들,黑司祭们,6.5,4991,张宰贤,张宰贤,金允石/姜栋元/朴素丹,剧情/悬疑,韩国,2015-11-05(韩国),108分钟
被掩盖的时间 / 가려진 시간,被掩盖的时间,7.5,5271,严泰华,严泰华/赵瑟熙,姜栋元/申银秀/李孝熙,剧情/爱情/奇幻,韩国,2016-11-16(韩国),130分钟
金融决战 / 마스터,金融决战,6.5,5548,曹义锡‍,曹义锡‍,李秉宪/姜栋元/金宇彬/严志媛/吴达洙/陈庆,动作/犯罪,韩国,2016-12-21(韩国),143分钟
我们的幸福时光 / 우리들의 행복한 시간,我们的幸福时光,8.1,19492,宋海星,张珉锡/孔枝泳/朴恩泳,李奈映/姜栋元/姜信日/金真赫/吴光禄/尹汝贞/李宰久,爱情,韩国,2006-09-14(韩国),120 分钟
狼的诱惑 / 늑대의 유혹,狼的诱惑,6.8,44629,金泰均,Gwiyeoni,姜栋元/赵汉善/李清娥/郑多慧/金应洙/洪智英,剧情/动作/爱情,韩国,2004-07-23(韩国),113分钟(韩国)
海扁王 / Kick-Ass,海扁王,7.5,158561,马修·沃恩,简·古德曼/马修·沃恩,亚伦·泰勒-约翰逊/科洛·莫瑞兹/尼古拉斯·凯奇/克里斯托夫·梅兹-普莱瑟/马克·斯特朗/琳德西·冯塞卡/埃文·彼得斯/克拉克·杜克/黛博拉·特维斯/Garrett M. Brown/苏菲·吴,动作/惊悚/犯罪,美国/英国,2010-04-16,117 分钟
七个神经病 / Seven Psychopaths,七个神经病,7.6,49525,马丁·麦克唐纳,马丁·麦克唐纳,科林·法瑞尔/山姆·洛克威尔/伍迪·哈里森/克里斯托弗·沃肯/艾比·考尼什/海伦娜·马特森/迈克尔·斯图巴/迈克尔·皮特/哈利·戴恩·斯坦通/加布蕾·丝迪贝/欧嘉·柯瑞兰寇,喜剧/犯罪,英国,2012-10-12(美国)/2012-12-07(英国),110分钟
世界尽头 / The World's End,世界尽头,7.4,34522,埃德加·赖特,西蒙·佩吉/埃德加·赖特,西蒙·佩吉/尼克·弗罗斯特/帕迪·康斯戴恩/马丁·弗瑞曼/埃迪·马森/裴淳华/托马斯·洛/Zachary Bailess/Jasper Levine/詹姆斯·特拉佩/Luke Bromley/索菲亚·埃文斯/Samantha White/Rose Reynolds/Richard Hadfield/Flora Slorach/Francesca Reidie/Charlotte Reidie/大卫·布拉德利/迈克尔·史麦利/皮尔斯·布鲁斯南,喜剧/动作/科幻,英国,2013-07-19(英国),109分钟
微不足道 / Big Nothing,微不足道,8.1,33126,让-巴普蒂斯特·安德烈,让-巴普蒂斯特·安德烈/比利·阿什,西蒙·佩吉/大卫·休默/娜塔莎· 麦克艾霍恩/爱丽丝·伊芙/乔·鲍里托,喜剧/惊悚/犯罪,英国/加拿大,2006-12-01(英国),86 分钟
僵尸肖恩 / Shaun of the Dead,僵尸肖恩,7.7,106771,埃德加·赖特,埃德加·赖特/西蒙·佩吉,西蒙·佩吉/尼克·弗罗斯特/比尔·奈伊/凯特·阿什菲尔德/彼得·塞拉菲诺威茨/迪兰·莫兰/露茜·戴维斯/尼古拉·坎宁安/基尔·米尔斯/马特·杰恩斯/加文·弗格森/霍顿·朱庇特/蒂姆·巴格雷/阿尔温德·多希/拉菲·斯波/索奈尔·达卓,喜剧/惊悚,英国/法国/美国,2004-04-09(英国),99 分钟
星球大战外传：侠盗一号 / Rogue One: A Star Wars Story,星球大战外传：侠盗一号,7.3,100509,加里斯·爱德华斯,克里斯·韦兹/托尼·吉尔罗伊,菲丽希缇·琼斯/迭戈·鲁纳/甄子丹/本·门德尔森/麦斯·米科尔森/艾伦·图代克/福里斯特·惠特克/姜文/里兹·阿迈德/乔纳森·阿里斯/尤妮斯·奥卢米德/克莱尔·陈/吉米·斯密茨/沃维克·戴维斯/马克·普雷斯顿/吉娜薇·欧瑞丽/詹姆斯·厄尔·琼斯,动作/科幻/冒险,美国,2017-01-06(中国大陆)/2016-12-16(美国),134分钟
刑事 / 형사: Duelist,刑事,7.0,2443,李明世,李明世,姜栋元/河智苑/安圣基/宋永彰,动作/悬疑,韩国,2005-09-08(韩国),111分钟
群盗：民乱的时代 / 군도 : 민란의 시대,群盗：民乱的时代,6.4,7293,尹钟彬,尹钟彬,河正宇/姜栋元/尹智慧/李璟荣/李圣旻/赵震雄/马东锡/宋永彰/郑满植/金成钧/金海淑/韩艺礼,动作/古装,韩国,2014-07-23(韩国),137分钟
"好家伙、坏家伙、怪家伙 / 좋은 놈, 나쁜 놈, 이상한 놈",好家伙、坏家伙、怪家伙,,,,,,,,,
田禹治 / 전우치,田禹治,7.2,13777,崔东勋,崔东勋,姜栋元/林秀晶/金允石/柳海真/鲜于善/白允植/廉晶雅/金孝珍,喜剧/动作/奇幻/冒险,韩国,2009-12-23(韩国),136 分钟
曾是超人的男子 / 슈퍼맨이었던 사나이,曾是超人的男子,7.3,7481,郑胤澈,郑胤澈,黄政民/全智贤/陈智熙/李相烨/鲜于善,剧情/喜剧,韩国,2008-01-31(韩国),102分钟
雏菊 / 데이지,雏菊,8.0,173733,刘伟强,郭在容/庄文强,全智贤/郑雨盛/李成宰/姜大卫/林迪安,剧情/爱情,韩国/香港,2006-04-30(中国大陆)/2006-03-09(韩国),110分钟/124分钟(导演剪辑版)
柏林 / 베를린,柏林,7.3,30508,柳昇完,柳昇完,河正宇/韩石圭/全智贤/柳昇范/帕斯奎尔·阿莱亚尔迪/Tayfun Bademsoy/托马斯·席尔梅,剧情/动作/惊悚,韩国,2013-01-31(韩国),120分钟
飓风营救 / Taken,飓风营救,8.2,122245,皮埃尔·莫瑞尔,吕克·贝松/罗伯特·马克·卡门,连姆·尼森/玛姬·格蕾斯/法米克·詹森/勒兰德·奥瑟/强·格瑞斯/大卫·沃肖夫斯基/凯蒂·卡西迪/山德·贝克利,剧情/动作/惊悚/犯罪,法国/美国/英国,2008-02-27(法国),93 分钟
血钻 / Blood Diamond,血钻,8.5,118598,爱德华·兹威克,查尔斯·里维特,莱昂纳多·迪卡普里奥/詹妮弗·康纳利/杰曼·翰苏/大卫·哈雷伍德/阿诺德·沃斯洛,剧情/惊悚/冒险,美国/德国,2006-12-08(美国),143 分钟
美国狙击手 / American Sniper,美国狙击手,7.4,53702,克林特·伊斯特伍德,杰森·迪恩·霍尔,布莱德利·库珀/西耶娜·米勒/卢克·葛莱姆斯,动作/传记/战争,美国,2014-11-11(AFI影展)/2015-01-16(美国),132分钟
菲利普船长 / Captain Phillips,菲利普船长,8.1,58419,保罗·格林格拉斯,比利·雷/理查德·菲利普/斯蒂芬·泰尔利,汤姆·汉克斯/巴克德·阿巴蒂/巴哈德·阿布迪/法塞尔·阿迈德/马哈特·M·阿里/迈克尔·切鲁斯/克里·约翰逊/马克斯·马蒂尼/克里斯·马尔基/尤尔·瓦斯克斯/大卫·沃肖夫斯基,剧情/传记/犯罪/冒险,美国,2013-09-27(纽约电影节)/2013-10-11(美国),134分钟
逃离德黑兰 / Argo,逃离德黑兰,8.2,162776,本·阿弗莱克,克里斯·特里奥/约书亚·比尔曼/托尼·门德兹,本·阿弗莱克/布莱恩·科兰斯顿/凯尔·钱德勒/约翰·古德曼/克里·杜瓦尔/艾伦·阿金/罗利·科奇瑞恩/克里斯托弗·邓汉/维克多·加博/凯瑞·碧许/泰特·多诺万/克里斯·梅西纳,剧情/惊悚/历史,美国,2012-08-31(特柳赖德电影节)/2012-10-12(美国),120分钟/129分钟(加长版)
孤独的幸存者 / Lone Survivor,孤独的幸存者,7.9,28468,彼得·博格,彼得·博格,马克·沃尔伯格/泰勒·克奇/埃米尔·赫施/本·福斯特/艾瑞克·巴纳,剧情/动作/传记,美国,2013-12-25(美国),121分钟
极恶非道 / アウトレイジ,极恶非道,7.8,24512,北野武,北野武,北野武/椎名桔平/加濑亮/小日向文世/北村总一朗/国村隼/杉本哲太/三浦诚己/柄本时生/塚本高史/中野英雄/石桥莲司/三浦友和,动作/犯罪,日本,2010-06-12,
春娇救志明 / 春嬌救志明,春娇救志明,7.3,75140,彭浩翔,彭浩翔/尹志文/陆以心,余文乐/杨千嬅/蒋梦婕/曾国祥/邵音音/秦沛/王晓晨/李程彬,剧情/喜剧/爱情,香港/中国大陆,2017-04-28(中国大陆)/2017-04-11(香港电影节)/2017-04-27(香港),121分钟/117分钟(中国大陆)
拆弹专家,拆弹专家,6.7,28924,邱礼涛,邱礼涛/李敏,刘德华/姜武/宋佳/吴卓羲/姜皓文/王紫逸/黄日华/石修/廖启智/张竣杰/蔡瀚亿/张继聪/李国麟/骆应钧/尹扬明/卢惠光/何华超,动作/悬疑/犯罪,中国大陆/香港,2017-04-28(中国大陆),120分钟
记忆大师,记忆大师,7.3,86094,陈正道,任鹏/陈正道,黄渤/徐静蕾/段奕宏/杨子姗/许玮甯/梁杰理/王真儿/杜函梦,剧情/悬疑/惊悚/犯罪,中国大陆,2017-04-28(中国大陆)/2017-04-23(北京电影节),119分钟
极速风流 / Rush,极速风流,8.8,73117,朗·霍华德,皮特·摩根,克里斯·海姆斯沃斯/丹尼尔·布鲁赫/奥利维亚·王尔德/亚历山德拉·玛丽亚·拉那/娜塔莉·多默尔/汤姆·拉斯齐哈/约瑟芬·德·拉·波美/杰米·西弗斯/皮尔弗朗西斯科·法维诺/克里斯蒂安·麦凯/阿利斯泰·皮垂/丽贝卡·沃尔什/科林·斯廷顿,剧情/传记/运动,英国/美国/德国,2015-12-11(中国大陆)/2013-09-13(英国),123分钟/121分钟(中国大陆)
完美陌生人 / Perfetti sconosciuti,完美陌生人,8.6,129198,保罗·格诺维瑟,保罗·格诺维瑟/菲利波·博洛尼亚/保罗·克斯泰拉/宝拉·马米妮/罗兰多·拉维洛,马可·贾利尼/卡西娅·史穆特妮亚克/艾多尔多·里奥/阿尔芭·洛尔瓦彻/瓦里诺·马斯坦德雷阿/安娜·福列塔/吉塞培·巴蒂斯通,剧情/喜剧,意大利,2016-02-11(意大利),97分钟
呼吸 / 숨,呼吸,7.3,13739,金基德,金基德,张震/河正宇/朴智娥/金基德/Ji-a Park,剧情,韩国,2007-04-29(韩国),84分钟
O记三合会档案,O记三合会档案,7.3,9222,霍耀良,王晶,刘青云/吴镇宇/朱茵/彭丹/谢天华/李兆基/吴志雄/林尚义,动作/犯罪,香港,1999-03-18,100分钟
跛豪,跛豪,8.0,18675,潘文杰,麦当雄/萧若元,吕良伟/郑则仕/叶童/叶子楣/李子雄/吴启华/黄光亮/陈荣宗/陈治良/罗烈/吴孟达/刘洵/刘江/江欣燕,剧情/传记/犯罪,香港,1991-04-15(香港),143分钟
黑金,黑金,7.6,24788,麦当杰,麦当雄,刘德华/梁家辉/孙佳君/吴辰君/郭静纯/钮承泽/赵文瑄/李立群/金士杰,犯罪,香港,1997-12-23(香港),125分钟
暗花,暗花,8.3,46054,游达志,司徒锦源/游乃海,刘青云/梁朝伟/邵美琪/王天林/卢海鹏/郑浩南/林雪/龙方,悬疑/犯罪,香港,1998-01-01,
黑社会2：以和为贵 / 黑社會以和為貴,黑社会2：以和为贵,7.7,48075,杜琪峰,游乃海/叶天成,古天乐/任达华/张家辉/林家栋/王天林/林雪/安志杰/郑浩南/张兆辉/谭炳文/尤勇/潘月彤/张武孝/元彬/莫醒麟/李日昇/黄思恩/徐忠信/罗强/赵志诚/罗靖庭/唐培中/张荣祥/张志平/陈绍佳/周建军/李发源/陈桂芬/樊文杰/凌振帮/余袁稳,剧情/惊悚/犯罪,香港,2006-04-27(香港),92分钟
火车怪客 / Strangers on a Train,火车怪客,7.8,9859,阿尔弗雷德·希区柯克,雷蒙德·钱德勒/曾兹·奥蒙德/惠特菲尔德·库克/派翠西亚·海史密斯/本·赫克特,法利·格兰杰/鲁思·罗曼/罗伯特·沃克/里奥.G.卡罗尔/帕特里夏·希区柯克/凯茜·罗杰斯/马里恩·洛恩/乔纳森·哈勒/霍华德·圣约翰/约翰·布朗/诺玛·威登/罗伯特·吉斯特,惊悚/犯罪/黑色电影,美国,1951-06-30(美国),101分钟
金刚狼3：殊死一战 / Logan,金刚狼3：殊死一战,8.3,192382,詹姆斯·曼高德,詹姆斯·曼高德/迈克尔·格林/斯科特·弗兰克,休·杰克曼/帕特里克·斯图尔特/达芙妮·基恩/波伊德·霍布鲁克/斯戴芬·莫昌特/伊丽莎白·罗德里格斯/多丽丝·莫尔加多/理查德·E·格兰特/玛丽·佩顿·斯图尔特/伊利斯·尼尔/艾瑞琪·拉·塞拉/劳伦·格罗斯/胡安·贾斯帕/克日什托夫·索什斯基/萨博·班克森,剧情/动作/科幻,美国,2017-03-03(中国大陆/美国)/2017-02-17(柏林电影节)/2017-05-16(黑白版),123分钟(中国大陆)/135分钟(柏林电影节)/137分钟(美国)
狼少年 / 늑대소년,狼少年,7.8,79859,赵圣熙,赵圣熙,宋仲基/朴宝英/柳演锡/张荣男/金香起,爱情/奇幻,韩国,2013-12-19(中国大陆)/2012-10-31(韩国),124分钟/127分钟(导演剪辑版)
奇怪的她 / 수상한 그녀,奇怪的她,8.3,114511,黄东赫,申东益/洪允贞/董熹璇/黄东赫,沈恩京/罗文姬/朴仁焕/李阵郁/郑真英/成东日/金秀贤,喜剧/奇幻,韩国,2014-01-22(韩国),124分钟
来自星星的你 / 별에서 온 그대,来自星星的你,8.3,137427,张太维,朴智恩,金秀贤/全智贤/朴海镇/刘仁娜/吴尚镇/安宰贤/申成禄,爱情,韩国,,
娜娜 / Nana,娜娜,7.8,96996,大谷健太郎,矢泽爱/浅野妙子/大谷健太郎,中岛美嘉/宫崎葵/成宫宽贵/松山研一/纱荣子/松田龙平/平冈佑太,剧情/音乐,日本,2005-09-03(日本),113 分钟
一念无明 / 一念無明,一念无明,8.0,17635,黄进,黄进/陈楚珩,曾志伟/余文乐/方皓玟/金燕玲/陈学文/麦子乐/吴肇轩/税瀞熙,剧情,香港,2017-04-07(中国大陆)/2016-09-08(多伦多电影节)/2017-03-30(香港),101分钟
攻壳机动队 / Ghost in the Shell,攻壳机动队,6.5,75665,鲁伯特·桑德斯,士郎正宗/杰米·莫斯/威廉·惠勒/伊伦·克鲁格,斯嘉丽·约翰逊/皮鲁·埃斯贝克/北野武/朱丽叶·比诺什/迈克尔·皮特/黄经汉/丹妮西娅·萨马尔/拉札勒斯·雷图勒/泉原豊/托万达·马尼莫/彼得·费迪南多/安娜玛丽亚·玛琳卡/丹尼尔·亨绍尔/安德鲁·斯特林/桃井薰/查尔斯·欧比/福岛莉拉/约瑟夫·纳瓦胡/迈克尔·维克特,动作/科幻/犯罪,美国,2017-04-07(中国大陆)/2017-03-29(法国)/2017-03-31(美国),107分钟
非凡任务,非凡任务,6.4,33140,麦兆辉/潘耀明,庄文强,黄轩/段奕宏/郎月婷/祖峰/邢佳栋/王耀庆/王砚辉/丁勇岱/肖聪/李晓川/赵炳锐/代乐乐/陶海,剧情/动作/犯罪,中国大陆,2017-03-31(中国大陆),122分钟
金刚：骷髅岛 / Kong: Skull Island,金刚：骷髅岛,6.7,102584,乔丹·沃格特-罗伯茨,麦克思·鲍伦斯坦/约翰·盖汀斯/丹·吉尔罗伊/德里克·康纳利,汤姆·希德勒斯顿/布丽·拉尔森/塞缪尔·杰克逊/约翰·古德曼/景甜/约翰·C·赖利/托比·凯贝尔/科里·霍金斯/汤姆·威尔金森/托马斯·曼/杰森·米切尔/谢伊·惠格姆/约翰·奥提兹/尤金·科德罗,动作/奇幻/冒险,美国,2017-03-24(中国大陆)/2017-02-28(伦敦首映)/2017-03-10(美国),119分钟
嫌疑人X的献身,嫌疑人X的献身,6.5,98763,苏有朋,李佳颖/黄海/苌江/王潮/迟海/冯元良/东野圭吾,王凯/张鲁一/林心如/叶祖新/丁冠森/邓恩熙/成泰燊/赵阳/侯明昊/焉栩嘉/任熙青/李炳易/李宏/赵燕国彰,悬疑/犯罪,中国大陆,2017-03-31(中国大陆),112分钟
绿头苍蝇 / 똥파리,绿头苍蝇,8.1,6591,梁益准,梁益准,金花雨/梁益准/李焕/李成延,剧情/犯罪,韩国,2009-04-16(韩国),130 分钟
亲切的金子 / 친절한 금자씨,亲切的金子,7.6,75016,朴赞郁,郑瑞景/朴赞郁,李英爱/崔岷植/康赫勇/吴达洙/金时厚/金秉玉/崔政宇,剧情/惊悚/犯罪,韩国,2005-07-29(韩国),112 分钟
不当交易 / 부당거래,不当交易,7.2,4538,柳昇完,朴勋政,柳昇范/黄政民/千虎珍/马东锡/赵勇进/郑满植/吴政世/柳海真,悬疑/惊悚,韩国,2010-10-28,119分钟
优雅的世界 / 우아한 세계,优雅的世界,7.5,5559,韩在林,韩在林,宋康昊/朴智英/吴达洙/崔日华,喜剧/家庭,韩国,2007-04-05,109分钟(法国)
我的少女时代 / 我的少女時代,我的少女时代,7.8,265884,陈玉珊,曾咏婷,宋芸桦/王大陆/李玉玺/简廷芮/刘德华/陈乔恩/言承旭/曲家瑞/屈中恒/钟欣凌/许杰辉,喜剧/爱情,台湾,2015-11-19(中国大陆)/2015-08-15(台湾),134分钟
一条狗的使命 / A Dog's Purpose,一条狗的使命,7.7,124193,拉斯·霍尔斯道姆,W·布鲁斯·卡梅伦/凯瑟琳·迈克/奥黛丽·威尔斯/玛雅·福布斯/沃利·亚历斯戴尔,乔什·加德/布丽特·罗伯森/丹尼斯·奎德/佩吉·利普顿/K·J·阿帕/布莱斯·吉扎尔/朱丽叶·赖伦斯/卢克·科比/加布里埃尔·罗斯/迈克尔·博夫舍维尔/洛根·米勒/柯比·豪厄-尔巴普蒂斯特/普奇·豪尔/约翰·奥提兹/妮科尔·勒普拉卡/彼特·科拉米斯/卡罗琳·凯芙/简·迈克格雷格/科维西·阿梅扬/卡琳·博姆拜克/娜奥米·弗伦内特,剧情/喜剧/家庭,美国,2017-03-03(中国大陆)/2017-01-27(美国),101分钟
情圣,情圣,6.1,69901,宋晓飞/董旭,李潇/于淼,肖央/闫妮/小沈阳/乔杉/艾伦/代乐乐/常远/李成敏/车晓/田雨,喜剧,中国大陆,2016-12-30(中国大陆),113分钟
孤胆特工 / 아저씨,孤胆特工,8.1,112678,李桢凡,李桢凡,元斌/金赛纶/坦纳永·王特拉库/金太勋/金熙元/宋永彰/李宗弼/金圣武/金孝书/白秀莲/郭度沅/洪晓熙,剧情/动作/惊悚/犯罪,韩国,2011-09-16(中国大陆)/2010-08-04(韩国),119分钟(韩国)/112分钟(中国大陆)
东京女子图鉴 / 東京女子図鑑,东京女子图鉴,8.7,49475,棚田由纪,黑泽久子,水川麻美/阿部力/阳月华,剧情,日本,,
迫降航班 / Flight,迫降航班,7.2,25512,罗伯特·泽米吉斯,约翰·盖汀斯,丹泽尔·华盛顿/詹姆斯·戴尔/约翰·古德曼/唐·钱德尔/凯利·蕾莉/布鲁斯·格林伍德,剧情/灾难,美国,2012-11-02(美国)/2013-03-01(日本),138分钟
喋血街头 / 喋血街頭,喋血街头,8.1,18685,吴宇森,梁柏坚/吴宇森/秦小珍,梁朝伟/张学友/李子雄/任达华/甄楚倩/袁洁莹/鲍起静/吴宇森,剧情/动作/惊悚/犯罪,香港,1990-08-17(香港),130分钟
污垢 / Filth,污垢,7.8,22041,乔·拜尔德,乔·拜尔德/埃文·威尔什,詹姆斯·麦卡沃伊/杰米·贝尔/埃迪·马森/伊莫琴·普茨/布莱恩·麦克卡尔迭/埃那姆·埃利奥特/加里·刘易斯/约翰·塞森斯/肖娜·麦克唐纳/吉姆·布劳德本特/琼安·弗洛加特/凯特·迪基/马丁·康普斯顿/伊恩·德·卡斯泰克/雪莉·亨德森,剧情/喜剧/犯罪,英国/德国/瑞典/比利时/美国,2013-10-04(英国),97分钟
猎头游戏 / Hodejegerne,猎头游戏,7.6,27317,莫滕·泰杜姆,尤·奈斯博/Lars Gudmestad/Ulf Ryberg,阿卡塞尔·亨涅/西诺薇·玛考迪·伦德 Synnove Macody Lund/伊万德·桑德/尼古拉·科斯特-瓦尔道,悬疑/惊悚/犯罪,挪威/德国,2011-08-26,100分钟
假面 / 가면,假面,7.5,15232,梁允豪,梁允豪/韩增爱,金康宇/金圭丽/李水京/金成铃/吴知咏,剧情/悬疑/惊悚/同性/犯罪,韩国,2007-12-27(韩国),99分钟
汉城大劫案 / 범죄의 재구성,汉城大劫案,7.3,4955,崔东勋,崔东勋,朴信阳/廉晶雅/白允植/千虎珍/朴元尚,动作/犯罪,韩国,2004-04-16(韩国),116分钟
盲证 / 블라인드,盲证,7.4,29746,安相勋,崔珉硕/安相勋/尹昌业,金荷娜/俞承豪/曹熙奉/梁英祖/谢姬/朴宝剑,剧情/悬疑/犯罪,韩国,2011-08-11(韩国),111分钟
那家伙的声音 / 그놈 목소리,那家伙的声音,7.4,14962,朴镇彪,朴镇彪,薛耿求/姜栋元/金南珠/金英哲/宋永彰/高素熙/金光奎/崔贞允/罗文姬/尹宰文,剧情/惊悚,韩国,2007-02-01(韩国),122分钟
东京家族 / 東京家族,东京家族,8.7,23126,山田洋次,山田洋次/平松惠美子,桥爪功/吉行和子/妻夫木聪/苍井优/中岛朋子/市原悦子/西村雅彦/夏川结衣,剧情/家庭,日本,2013-01-19(日本),146分钟
比海更深 / 海よりもまだ深く,比海更深,8.6,40110,是枝裕和,是枝裕和,阿部宽/真木阳子/小林聪美/树木希林/中川雅也/池松壮亮/桥爪功/中村友理/高桥和也/小泽征悦/峰村理惠/古馆宽治/叶山奖之/吉泽太阳,剧情/家庭,日本,2016-05-18(戛纳国际电影节)/2016-05-21(日本),117分钟
东北偏北,东北偏北,6.3,5567,张秉坚,袁大举/张秉坚,班赞/李滨/赖迦童/战鹤文/吴优/刘韦伯/陈端/张优/郭辉,剧情/喜剧/悬疑,中国大陆,2015-12-11(中国大陆)/2014-10-25(东京电影节),103分钟(中国大陆)/113分钟(东京电影节)
海雾 / 해무,海雾,7.0,13752,沈成宝,沈成宝/奉俊昊,金允石/朴有天/韩艺礼/刘承睦/金相浩/文成根/李熙俊,剧情/惊悚,韩国,2014-08-13(韩国),111分钟(韩国)/130分钟(美国)
老千 / 타짜,老千,7.4,14339,崔东勋,崔东勋/许英万,曹承佑/金惠秀/白允植/柳海真/李水京/金应洙/金允石,剧情/犯罪,韩国,2006-09-28,139 分钟
军中乐园 / 軍中樂園,军中乐园,7.2,36262,钮承泽,曾莉婷,阮经天/万茜/陈意涵/陈建斌/王柏杰/苗可丽/陈道贤/洪胜德/陈匡荣/廖启智/石知田,剧情/爱情/历史,台湾/中国大陆,2014-09-05(台湾),133分钟
世界奇妙物语 25周年秋季特别篇 电影导演篇 / 世にも奇妙な物語 25周年記念！秋の2週連続SP～映画監督編～,世界奇妙物语 25周年秋季特别篇 电影导演篇,7.7,4555,山崎贵/本广克行/佐藤嗣麻子/中田秀夫/清水崇,朱川凑人/中岛直俊/江口寿史/北川悦吏子/渡边优奈/长谷川彻/佐藤嗣麻子/加藤淳也/三宅隆太/守口悠介,阿部隆史/妻夫木聪/竹内结子/中谷美纪/山本美月/新井美羽/鈴木砂羽/矢本悠馬/满岛真之介/小市慢太郎,悬疑/恐怖/奇幻,日本,2015-11-28(日本),120分钟
铁道飞虎,铁道飞虎,5.1,56375,丁晟,丁晟/何可可,成龙/黄子韬/王凯/王大陆/徐帆/刘德华/张蓝心/吴永伦/桑平/房祖名/池内博之/那威/何云伟/浅野长英/矢野浩二/张艺上/高木贞佑,喜剧/动作,中国大陆,2016-12-23(中国大陆),124分钟
师父,师父,8.1,135911,徐浩峰,徐浩峰,廖凡/宋佳/蒋雯丽/金士杰/宋洋/黄觉/麦迪娜/张傲月/马君/陈观泰/熊欣欣/戴立忍/裘继戎/李博,剧情/动作/武侠,中国大陆,2015-12-10(中国大陆)/2015-11-11(台北金马影展),109分钟
真幌站前狂想曲 / まほろ駅前狂騒曲,真幌站前狂想曲,7.5,9156,大森立嗣,大森立嗣/黑住光/三浦紫苑,瑛太/松田龙平/高良健吾/真木阳子/本上真奈美/新井浩文/奈良冈朋子/三浦诚己/古川雄辉/大西信满/水泽绅吾/市川实和子/松尾铃木/大森南朋/岸部一德/永濑正敏/伊佐山博子/宇野祥平/磨赤儿,剧情,日本,2014-10-18(日本),124分钟
极恶非道2 / アウトレイジ ビヨンド,极恶非道2,7.5,14208,北野武,北野武,北野武/加濑亮/三浦友和/西田敏行/松重丰/高桥克典/桐谷健太/新井浩文/小日向文世/盐见三省/中尾彬/神山繁/中野英雄,动作/犯罪,日本,2012-10-06(日本),112分钟
天师斗僵尸 / 天師鬥殭屍,天师斗僵尸,5.3,2723,陈翊恒,王晶,郑中基/元彪/伍允龙/胡然,喜剧/恐怖,香港,2014-10-16(香港),96分钟
路边野餐,路边野餐,7.7,58793,毕赣,毕赣,陈永忠/谢理循/余世学/郭月/赵达清/罗飞扬/曾帅/秦光黔/刘林艳/杨卓华/杨江船/欧孟军/吴得水/宋大成/廖冬凯,剧情,中国大陆,2016-07-15(中国大陆)/2015-08-11(洛迦诺电影节),110分钟
克莱默夫妇 / Kramer vs. Kramer,克莱默夫妇,8.5,37107,罗伯特·本顿,罗伯特·本顿/Avery Corman,达斯汀·霍夫曼/梅丽尔·斯特里普/简·亚历山大/贾斯汀·亨利/霍华德·达夫/George Coe/乔贝兹·威廉姆斯/Bill Moor/Howland Chamberlain/Jack Ramage/Jess Osuna/尼古拉斯·霍曼/Ellen Parker/Shelby Brammer/Carol Nadell/Donald Gantry/Judith Calder/Peter Lownds/Kathleen Keller/Dan Tyra/Petra King/Melissa Morell,剧情/家庭,美国,1979-12-19(美国),105分钟
阳光小美女 / Little Miss Sunshine,阳光小美女,8.2,151646,乔纳森·戴顿/维莱莉·法瑞斯,迈克尔·阿恩特,阿比盖尔·布蕾斯琳/托妮·科莱特/格雷戈·金尼尔/保罗·达诺/史蒂夫·卡瑞尔/艾伦·阿金/布莱恩·科兰斯顿/迪恩·诺里斯,剧情/喜剧/家庭,美国,2006-08-18(美国),101 分钟
女人四十 / 女人，四十,女人四十,8.8,21691,许鞍华,陈文强,萧芳芳/乔宏/罗家英/罗冠兰/丁子峻/谭倩红/鲍方/夏萍,剧情/家庭,香港,1995-02(柏林电影节)/1995-05-04(香港),101分钟
步履不停 / 歩いても 歩いても,步履不停,8.8,54269,是枝裕和,是枝裕和,阿部宽/夏川结衣/江原由希子/高桥和也/田中祥平/野本萤/林凌雅/寺岛进/加藤治子/树木希林/原田芳雄,剧情/家庭,日本,2008-06-28(日本),115分钟
罪恶之家 / An Inspector Calls,罪恶之家,8.3,68127,艾斯林·沃什,约翰·博因顿·普里斯特利/海伦·埃德蒙森,大卫·休里斯/米兰达·理查森/苏菲·兰朵/肯·斯托特/芬恩·科尔/克洛伊·皮里/凯尔·索列尔/弗洛拉·尼科尔森/加里·戴维斯/婉妲·奥普琳斯卡,剧情/悬疑,英国,2015-09-13(英国),87分钟
麦兜故事 / 麥兜故事,麦兜故事,8.5,119391,袁建滔,谢立文/麦家碧,李晋纬/林海峰/吴君如/黄秋生/Buxx Banner,剧情/喜剧/动画,香港,2001-12-15,
岁月的童话 / おもひでぽろぽろ,岁月的童话,8.5,66833,高畑勋,高畑勋,今井美树/柳叶敏郎/本名阳子/高桥一生/饭冢雅弓/近藤芳正/北川智绘,剧情/爱情/动画,日本,1991-07-20(日本),118 分钟
百变狸猫 / 平成狸合戦ぽんぽこ,百变狸猫,8.4,54326,高畑勋,高畑勋,古今亭志ん朝/三木纪平/清川虹子/野野村真/石田百合子/泉谷茂/芦屋雁之助/村田雄浩,剧情/喜剧/动画/奇幻,日本,1994-07-16(日本),119 分钟
侧耳倾听 / 耳をすませば,侧耳倾听,8.8,157426,近藤喜文,宫崎骏/柊葵,本名阳子/小林桂树/高山南/高桥一生/山下容莉枝/室井滋/露口茂/饭冢雅弓,剧情/爱情/动画/音乐,日本,1995-07-15(日本),111分钟
悬崖上的金鱼姬 / 崖の上のポニョ,悬崖上的金鱼姬,8.2,166512,宫崎骏,宫崎骏,奈良柚莉爱/山口智子/长岛一茂/天海祐希/柊瑠美/土井洋辉/奈良冈朋子/吉行和子,动画/奇幻/冒险,日本,2008-07-19(日本),101 分钟
阿基拉 / Akira,阿基拉,8.3,18368,大友克洋,大友克洋/桥本以藏,岩田光央/佐佐木望/小山茉美/玄田哲章/北村弘一/池水通洋,动作/科幻/动画/悬疑/奇幻,日本,1988-07-16(日本),124 分钟
红猪 / 紅の豚,红猪,8.3,86636,宫崎骏,宫崎骏,森山周一郎/冈村明美/加藤登纪子/大塚明夫,爱情/动画/奇幻/冒险,日本,1992-07-18,94 分钟
心理游戏 / マインド・ゲーム,心理游戏,8.8,15130,汤浅政明,汤浅政明/Robin Nishi,今田耕司/藤井隆/山口智充/Sayaka Maeda/Seiko Takuma/Toshio Sakata/Joji Shimaki/西凛太朗/Kenichi Chujou,喜剧/动画/悬疑/冒险,日本,2004-08-07(日本),103 分钟
夏日大作战 / サマーウォーズ,夏日大作战,8.6,99035,细田守,奥寺佐渡子,神木隆之介/谷村美月/樱庭奈奈美/斋藤步/横川贵大/信泽三惠子/玉川纱己子/永井一郎/小林隆/清水优/田中要次/入山法子/板仓光隆/仲里依纱/富司纯子,喜剧/科幻/动画/冒险,日本,2009-08-01(日本),114分钟
千年女优 / 千年女優,千年女优,8.5,85258,今敏,村井贞之/今敏,小山茉美/饭塚昭三/折笠富美子/庄司美代子/小野坂昌也/山寺宏一,剧情/爱情/动画,日本,2001-07-28(加拿大奇幻电影节)/2002-09-14(日本),87 分钟
吸血鬼猎人D / Vampire Hunter D: Bloodlust,吸血鬼猎人D,8.6,24052,川尻善昭,川尻善昭/菊地秀行,田中秀幸/永井一郎/山寺宏一/林原惠美/篠原惠美,动作/动画/悬疑/恐怖/奇幻/冒险,日本/美国,2000-07(加拿大幻想曲电影节)/2000-10-31(香港)/2001-04-17(日本)/2001-09-28(美国),103分钟
恶童 / 鉄コン筋クリート,恶童,8.6,46084,迈克尔·艾里亚斯,Anthony Weintraub/松本大洋,二宫和也/苍井优/伊势谷友介/宫藤官九郎/大森南朋,动作/动画/犯罪/冒险,日本,2006-12-23(日本),111 分钟
空中杀手 / スカイ・クロラ The Sky Crawlers,空中杀手,8.0,14630,押井守,伊藤千寻/森博嗣,菊地凛子/加濑亮/栗山千明/谷原章介/山口爱/平川大辅,剧情/动画/冒险,日本,2008-08-02(日本),122 分钟
大都会 / メトロポリス,大都会,8.2,13034,林太郎,大友克洋/手塚治虫,井元由香/小林桂/冈田浩晖/石田太郎/富田耕生/若本规夫/泷口顺平/古川登志夫/千叶繁/小山茉美/隆大介/永井豪/本多俊之/青野武,剧情/动作/爱情/科幻/动画/惊悚/犯罪/冒险,日本,2001-05-26(日本)/2002-01-25(美国),
东京教父 / 東京ゴッドファーザーズ,东京教父,8.8,42737,今敏,今敏/信本敬子,江守彻/冈本绫/梅垣义明/饭塚昭三/石丸博也,剧情/喜剧/动画/冒险,日本,2003-11-08,92分钟
人狼,人狼,8.6,8765,冲浦启之,押井守,藤木义胜/武藤寿美/木下浩之/广田行生/仙台绘里,剧情/动画/惊悚/奇幻,日本,1999-11-17,102 分钟
回忆三部曲 / Memories,回忆三部曲,8.8,22041,大友克洋/森本晃司/冈村天斋,大友克洋/今敏,矶部勉/山寺宏一/饭冢昭三/千叶繁/高岛雅罗/长谷川亚美,科幻/动画/惊悚/奇幻,日本,1995-12-23(日本),113 分钟
攻壳机动队2：无罪 / 攻殻機動隊2 イノセンス,攻壳机动队2：无罪,9.0,31483,押井守,押井守/士郎正宗,田中敦子/大塚明夫/山寺宏一/竹中直人/榊原良子/大木民夫,剧情/科幻/动画,日本,2004-03-06(日本),100分钟
不成问题的问题,不成问题的问题,8.0,1277,梅峰,梅峰/黄石/老舍,范伟/殷桃/张超/史依弘/王一鸣/王梓桐/蒋中炜/冯满天/梁霆炜/王侃伟/俞颖,剧情,中国大陆,2017-09(中国大陆)/2016-10-29(东京电影节),144分钟/132分钟(北京电影节)
百日红 / 百日紅 ～Miss HOKUSAI～,百日红,7.4,2598,原惠一,丸尾未步/杉浦日向子,杏/松重丰/滨田岳/高良健吾/美保纯/清水诗音/筒井道隆/麻生久美子/立川谈春/入野自由/矢岛晶子/藤原启治,剧情/动画/传记/历史,日本,2015-05-09(日本),90分钟
嚎叫 / 하울링,嚎叫,6.5,4667,庾河,庾河/乃南朝,宋康昊/李奈映/申正根/李圣旻/南宝拉/金东允,惊悚,韩国,2012-02-16(韩国),114分钟
孩子们 / 아이들...,孩子们,7.4,14139,李圭满,李圭满/李贤真,朴勇宇/柳承龙/成东日/朱进模/成志娄/金汝珍/朴炳垠,悬疑/惊悚/犯罪,韩国,2011-02-17(韩国),132分钟
邻居 / 이웃사람,邻居,7.4,20827,金辉,金辉/姜草,金允珍/金赛纶/马东锡/林河龙/都枝寒/千虎珍/金成钧,剧情/惊悚,韩国,2012-08-22(韩国),115分钟
萤火之森 / 蛍火の杜へ,萤火之森,8.7,143009,大森贵弘,绿川幸,佐仓绫音/内山昂辉,剧情/爱情/动画/奇幻,日本,2011-09-17(日本),45分钟
一夜风流 / It Happened One Night,一夜风流,8.7,22714,弗兰克·卡普拉,罗伯特·里斯金/塞缪尔·霍普金斯·亚当斯,克拉克·盖博/克劳黛·考尔白/沃尔特·康诺利/罗斯科·卡恩茨/詹姆森·托马斯/艾伦·海尔/亚瑟·霍伊特/布朗什·弗雷德里克/查尔斯·C·威尔逊,喜剧/爱情,美国,1934-02-23(美国),105 分钟
哪吒闹海,哪吒闹海,8.8,72762,严定宪/王树忱/徐景达,王往,梁正晖/邱岳峰/毕克/富润生/尚华/于鼎,动画/奇幻/冒险,中国大陆,1979-05-19(中国大陆),65分钟(中国大陆)/98分钟(25周年D9珍藏版)/105分钟(法国)
未麻的部屋 / Perfect Blue,未麻的部屋,8.8,83480,今敏,村井贞之,岩男润子/松本梨香/辻亲八,动画/惊悚/奇幻,日本,1997-07(加拿大奇幻电影节)/1998-02-28(日本),81 分钟
小森林 冬春篇 / リトル・フォレスト 冬・春,小森林 冬春篇,8.9,97785,森淳一,森淳一,桥本爱/三浦贵大/松冈茉优/温水洋一/桐岛加恋,剧情,日本,2015-02-14(日本),120分钟
曾经 / Once,曾经,8.3,192033,约翰·卡尼,约翰·卡尼,格伦·汉塞德/玛可塔·伊尔格洛娃/Alaistair Foley/George Hendrick/Hugh Walsh,剧情/爱情/音乐,爱尔兰,2006-07-15/2007-03-23(爱尔兰),85 分钟
委托人 / 의뢰인,委托人,7.2,8335,孙英胜,孙英胜/李春邢,河正宇/张赫/朴熙顺/金成铃/成东日,剧情/惊悚/犯罪,韩国,2011-09-29(韩国),123分钟
北逃 / 크로싱,北逃,,,,,,,,,
流感 / 감기,流感,7.7,50342,金成洙,金成洙,张赫/秀爱/朴敏荷/柳海真/李熙俊/车仁表/朴孝朱/李相烨/马东锡,剧情/惊悚/灾难,韩国,2013-08-14(韩国),122分钟
汉江怪物 / 괴물,汉江怪物,7.2,84558,奉俊昊,奉俊昊,宋康昊/朴海日/裴斗娜/边熙峰/高雅星,剧情/科幻/惊悚/灾难,韩国,2006-07-27/2012-06(上海电影节3D重制版),119 分钟(韩国)/110 分钟(克罗地亚DVD)
共同警备区 / 공동 경비구역JSA,共同警备区,8.6,32315,朴赞郁,李无影/金炫锡/朴赞郁/朴相彦,李英爱/宋康昊/李秉宪/申河均/金太祐,剧情/惊悚/战争,韩国,2000-09-09(韩国),110分钟
无敌破坏王 / Wreck-It Ralph,无敌破坏王,8.6,172294,瑞奇·摩尔,珍妮弗·李/菲尔·约翰斯顿/瑞奇·摩尔/吉姆·里尔顿/约翰·C·赖利/Sam J. Levine/Jared Stern,简·林奇/约翰·C·赖利/萨拉·西尔弗曼/杰克·麦克布瑞尔/斯戴芬妮·斯考特/贾米·埃曼/艾伦·图代克,喜剧/动画/冒险,美国,2012-11-06(中国大陆)/2012-11-02(美国),101分钟
回忆积木小屋 / つみきのいえ,回忆积木小屋,9.3,99451,加藤久仁生,加藤久仁生,,剧情/动画/短片,日本,2008-06-10,12分钟
凯尔经的秘密 / The Secret of Kells,凯尔经的秘密,8.4,39789,汤姆·摩尔/Nora Twomey,汤姆·摩尔/Fabrice Ziolkowski,伊万·麦克奎尔/布莱丹·格里森/肖恩·列侬/Christen Mooney/Liam Hourican/Michael McGrath/Paul Young,剧情/动画/奇幻,爱尔兰/法国/比利时,2009-02-11(法国),75分钟
我在伊朗长大 / Persepolis,我在伊朗长大,8.6,69430,文森特·帕兰德/玛嘉·莎塔琵,玛嘉·莎塔琵/文森特·帕兰德,齐雅拉·马斯楚安尼/凯瑟琳·德纳芙/达尼尔·达黎欧/西蒙·阿布卡瑞安,剧情/动画/传记/战争,法国/美国,2007-06-27(法国),96 分钟/89 分钟(土耳其电视版)
疯狂约会美丽都 / Les triplettes de Belleville,疯狂约会美丽都,8.7,50280,西维亚·乔迈,西维亚·乔迈,Béatrice Bonifassi/莉娜·布德罗/Michèle Caucheteux,喜剧/动画,法国/比利时/加拿大/英国/拉脱维亚,2003-06-11(法国),
魔术师 / L'illusionniste,魔术师,8.7,47684,西维亚·乔迈,西维亚·乔迈/雅克·塔蒂,Jean-Claude Donda/Eilidh Rankin/Jil Aigrot/Didier Gustin/Frédéric Lebon/Tom Urie,剧情/动画,法国/英国,2010-06-16(法国)/2010-12-25(美国),80分钟
密阳 / 밀양,密阳,7.8,20386,李沧东,李沧东,全度妍/宋康昊/赵勇进/金英在/鲜正烨,剧情,韩国,2007-05-17(韩国),142 分钟
冒牌卧底,冒牌卧底,3.7,924,唐旭,唐旭,潘粤明/高圣远/常远/吴樾/谭凯/林鹏/金士杰,喜剧/犯罪/冒险,中国大陆,2016-12-29(中国大陆),90分钟
超级快递,超级快递,4.5,8049,宋啸,王郢,陈赫/宋智孝/大卫·贝利/肖央/李媛/李淳/邰智源/何赛飞/阚清子,喜剧/动作,中国大陆/韩国/法国,2016-12-02(中国大陆),90分钟
你的名字。 / 君の名は。,你的名字。,8.5,360643,新海诚,新海诚,神木隆之介/上白石萌音/长泽雅美/市原悦子/成田凌/悠木碧/岛崎信长/石川界人/谷花音,剧情/爱情/动画,日本,2016-12-02(中国大陆)/2016-08-26(日本),106分钟
神奇动物在哪里 / Fantastic Beasts and Where to Find Them,神奇动物在哪里,7.8,237039,大卫·叶茨,J·K·罗琳,埃迪·雷德梅恩/凯瑟琳·沃特斯顿/丹·福勒/艾莉森·萨多尔/科林·法瑞尔/埃兹拉·米勒/朗·普尔曼/强·沃特/萨曼莎·莫顿/嘉玛·陈/卡门·艾乔戈/克里斯汀·马扎诺/詹·穆瑞/约翰尼·德普,剧情/奇幻/冒险,英国/美国,2016-11-25(中国大陆)/2016-11-18(美国/英国),133分钟
万箭穿心,万箭穿心,8.5,74347,王竞,吴楠,颜丙燕/陈刚/焦刚/李现/赵倩/王沫溪/杨鸣秋/何明兰/刘善良/黄首霞/孙仲江/张瑞田/余龙钢,剧情/家庭,中国大陆,2012-11-16(中国大陆),118分钟
盲山,盲山,8.3,58826,李杨,李杨,黄璐/杨幼安/贺运乐/张玉玲/张友平/李杨,剧情/犯罪,中国大陆,2007-05-20(戛纳电影节)/2007-10-25(香港),95分钟/103分钟(DVD)
三峡好人,三峡好人,8.0,47901,贾樟柯,贾樟柯/管娜/孙建敏,赵涛/韩三明/王宏伟,剧情/爱情,中国大陆,2006-12-14(中国大陆),107分钟
盲井,盲井,,,,,,,,,
超体 / Lucy,超体,7.0,229792,吕克·贝松,吕克·贝松,斯嘉丽·约翰逊/摩根·弗里曼/崔岷植/阿马尔·维克德/朱利安·林希德-图特/皮鲁·埃斯贝克/安娜丽·提普顿/詹·奥利弗·施罗德/弗雷德里克·周/克莱尔·陈/塞德里克·舍瓦姆/邵斯凡/保罗·陈/林暐恒,动作/科幻,法国,2014-10-24(中国大陆)/2014-07-25(美国)/2014-08-06(法国),89分钟
隧道 / 터널,隧道,7.6,72816,金成勋,金成勋,河正宇/吴达洙/裴斗娜/南志铉,剧情/灾难,韩国,2016-08-10(韩国),126分钟
地球脉动 第二季 / Planet Earth Season 2,地球脉动 第二季,9.9,24256,,,戴维·阿滕伯勒,纪录片,英国,,
地球脉动 第一季 / Planet Earth Season 1,地球脉动 第一季,9.7,23324,艾雷斯泰·法瑟吉尔,戴维·阿滕伯勒,戴维·阿滕伯勒/西格妮·韦弗,纪录片,英国,,
波拉特 / Borat: Cultural Learnings of America for Make Benefit Glorious Nation of Kazakhstan,波拉特,7.4,33854,拉里·查尔斯,萨莎·拜伦·科恩/安东尼·海恩斯/彼得·贝恩汉姆/丹·马泽/托德·菲利普斯,萨莎·拜伦·科恩/肯·戴维蒂安/路奈尔·坎贝尔/帕米拉·安德森/Jean-Pierre Parent/Bob Barr,喜剧,美国/英国,2006-11-03(美国),84 分钟/82 分钟(多伦多电影节)
宿醉 / The Hangover,宿醉,7.7,152542,托德·菲利普斯,乔恩·卢卡斯/斯科特·摩尔,布莱德利·库珀/艾德·赫尔姆斯/扎克·加利凡纳基斯/贾斯汀·巴萨/海瑟·格拉汉姆/萨莎·巴瑞斯/杰弗里·塔伯/郑肯/迈克·泰森,喜剧,美国,2009-06-05,100 分钟
七天 / 세븐데이즈,七天,7.5,19528,元新渊,元新渊/尹宰久,金允珍/朴熙顺/金美淑/李政宪/杨镇宇/张恒善/崔武成,惊悚/犯罪,韩国,2007-11-14(韩国),125分钟
我要复仇 / 복수는 나의 것,我要复仇,7.9,32027,朴赞郁,朴赞郁/李武英,宋康昊/申河均/裴斗娜/韩宝贝/林志恩,剧情/惊悚/犯罪,韩国,2002-03-29,
不可饶恕 / 용서는 없다,不可饶恕,7.7,25258,金亨俊,金亨俊,薛耿求/韩惠珍/柳昇范,惊悚,韩国,2010-01-07(韩国),125分钟
抓住那个家伙 / 몽타주,抓住那个家伙,7.9,21870,郑根燮,郑根燮,金相庆/严正化/宋永彰/曹熙奉/刘承睦/李俊赫/朴哲民,剧情/惊悚/犯罪,韩国,2013-05-16(韩国),120分钟
偷自行车的人 / Ladri di biciclette,偷自行车的人,8.9,37786,维托里奥·德·西卡,阿道夫·弗兰奇/塞萨·柴伐蒂尼/杰拉尔多·圭列里/苏索·切基·达米科/维托里奥·德·西卡/奥雷斯特·比安科利,朗培尔托·马齐奥拉尼/恩佐·斯泰奥拉/莉安拉·卡雷尔/吉诺·萨尔塔梅伦达/Vittorio Antonucci,剧情/犯罪,意大利,1948-11-24,89分钟/80分钟(DVD)
莫扎特传 / Amadeus,莫扎特传,8.6,62657,米洛斯·福尔曼,彼得·谢弗,汤姆·休斯克/F·默里·亚伯拉罕/伊丽莎白·贝里奇/罗伊·多特里斯/杰弗瑞·琼斯,剧情/音乐/传记,美国,1984-09-19,160 分钟/180 分钟(director's cut)
全金属外壳 / Full Metal Jacket,全金属外壳,8.5,54798,斯坦利·库布里克,Gustav Hasford/Michael Herr/斯坦利·库布里克,亚当·鲍德温/马修·莫迪恩/文森特·多诺费奥/李·厄米/Kevyn Major Howard,剧情/战争,英国/美国,1987-06-17,116 分钟
杀死一只知更鸟 / To Kill a Mockingbird,杀死一只知更鸟,8.5,27680,罗伯特·马利根,霍顿·福特/哈柏·李,格利高里·派克/约翰·梅根纳/弗兰克·奥弗顿/罗斯玛丽·墨菲/鲁斯·怀特/布洛克·皮特斯/埃斯泰勒·埃文斯/保罗·菲克斯/科林·威克斯·帕斯顿/詹姆斯·安德森/爱丽丝·格斯德丽/罗伯特·杜瓦尔/威廉·温德姆/克拉汉·丹顿/理查德·黑尔/玛丽·巴德哈姆/菲利普·阿尔福德,剧情/悬疑/犯罪,美国,1962-12-25(洛杉矶首映)/1963-03-16(美国),129 分钟
阿拉伯的劳伦斯 / Lawrence of Arabia,阿拉伯的劳伦斯,8.6,21765,大卫·里恩,T·E·劳伦斯/罗伯特·鲍特/迈克尔·威尔逊,彼得·奥图尔/亚历克·吉尼斯/安东尼·奎恩/杰克·霍金斯/奥马尔·沙里夫/何塞·费勒/安东尼·奎尔/克劳德·雷恩斯/阿瑟·肯尼迪/唐纳德·沃尔菲/I·S·乔哈尔/米歇尔·雷,剧情/传记/历史/战争/冒险,英国/美国,1962-12-10(英国),216分钟/228分钟(导演剪辑版)
双重赔偿 / Double Indemnity,双重赔偿,8.5,12816,比利·怀德,比利·怀德/雷蒙德·钱德勒,弗莱德·麦克莫瑞/芭芭拉·斯坦威克/爱德华·罗宾逊/波特·霍尔,惊悚/犯罪/黑色电影,美国,1944-04-24,
M就是凶手 / M,M就是凶手,8.3,15852,弗里茨·朗,弗里茨·朗/特娅·冯·哈堡,彼得·洛/艾伦·维德曼/因格·兰德特/奥托·维尔尼克,剧情/惊悚/犯罪,德国,1931-05-11(德国),117分钟/110分钟(2004 Criterion DVD edition)/118分钟(法国)/105 分钟(德国2000 restored version)/108 分钟(德国re-release)/99分钟(美国)
从海底出击 / Das Boot,从海底出击,9.0,13152,沃尔夫冈·彼德森,沃尔夫冈·彼德森/Lothar G. Buchheim,尤尔根·普洛斯诺/赫贝特·格勒内梅厄/Klaus Wennemann/Jan Fedder/拉尔夫·瑞克特/古特·拉姆普雷切特,剧情/历史/战争/冒险,原西德,1981-09-17(西德),149分钟(剧场版)/209分钟(导演剪辑版)/293分钟(未剪辑版)
迷魂记 / Vertigo,迷魂记,8.5,33758,阿尔弗雷德·希区柯克,Alec Coppel/萨缪尔·A·泰勒/皮埃尔·布瓦洛/托马·纳西雅克/马克斯韦尔·安德森,詹姆斯·斯图尔特/金·诺瓦克/芭芭拉·贝尔·戈迪斯/汤姆·赫尔莫,爱情/悬疑/惊悚,美国,1958-05-09,128 分钟
西北偏北 / North by Northwest,西北偏北,8.1,36045,阿尔弗雷德·希区柯克,恩斯特·莱赫曼,加里·格兰特/爱娃·玛丽·森特/詹姆斯·梅森/洁茜·罗伊丝·兰迪斯/里奥.G.卡罗尔/约瑟芬·哈钦森/菲利普·奥伯/马丁·兰道/亚当·威廉姆斯/爱德华·普拉特/罗伯特·艾伦斯坦/莱斯·崔梅恩/菲利普·柯立芝/帕特里克·麦克维/爱德华·宾斯/肯·林奇/Malcolm Atterbury,动作/悬疑/犯罪,美国,1959-07-17(美国),136分钟
公民凯恩 / Citizen Kane,公民凯恩,8.5,43636,奥逊·威尔斯,赫尔曼·曼切维兹/奥逊·威尔斯,奥逊·威尔斯/约瑟夫·科顿/多萝西·康明戈尔/阿格妮丝·摩尔海德,剧情/悬疑,美国,1941-09-05(美国),119 分钟
异形2 / Aliens,异形2,7.9,54441,詹姆斯·卡梅隆,詹姆斯·卡梅隆/大卫·吉勒/沃尔特·希尔/丹·欧班农/罗纳德·舒塞特,西格妮·韦弗/凯莉·赫恩/迈克尔·比恩/保罗·雷瑟/兰斯·亨利克森/比尔·帕克斯顿/威廉·霍普/詹妮特·戈德斯坦恩/阿尔·马修斯/马克·罗斯顿/里科·罗斯/科莱特·希勒/丹尼尔·卡什/辛西娅·戴尔·斯科特/提普·蒂平/保罗·马克斯韦尔/约翰·利斯/卡尔·图普,动作/科幻/恐怖/冒险,美国/英国,1986-07-18(美国),137分钟/154分钟(1992年特别版)
光荣之路 / Paths of Glory,光荣之路,8.9,12936,斯坦利·库布里克,斯坦利·库布里克/卡尔德·威灵汉姆/吉姆·汤普森,柯克·道格拉斯/拉尔夫·米克/阿道夫·门吉欧/乔治·麦克雷迪/理查德·安德森/蒂莫西·凯瑞/克里斯蒂安妮·库布里克,剧情/战争,美国/西德,1957-10-25,88分钟
闪灵 / The Shining,闪灵,8.0,117388,斯坦利·库布里克,黛安·约翰逊/斯坦利·库布里克/斯蒂芬·金,杰克·尼科尔森/谢莉·杜瓦尔/丹尼·劳埃德,剧情/悬疑/恐怖,英国/美国,1980-05-23(美国),119分钟(欧洲版)/142分钟(DVD)/144分钟(删减版)/146分钟(原版)
大独裁者 / The Great Dictator,大独裁者,8.9,27183,查理·卓别林,查理·卓别林,查理·卓别林/宝莲·高黛/杰克·奥克,剧情/喜剧/战争,美国,1940-10-15,125 分钟
异形 / Alien,异形,7.9,85037,雷德利·斯科特,丹·欧班农/罗纳德·舒塞特,西格妮·韦弗/汤姆·斯凯里特/维罗尼卡·卡维特/哈利·戴恩·斯坦通/约翰·赫特/伊安·霍姆/亚非特·科托/博拉吉·巴迪乔/海伦·霍顿,科幻/恐怖,英国/美国,1979-05-25(美国),117分钟/116分钟(2004年导演剪辑版)
日落大道 / Sunset Blvd.,日落大道,8.7,20699,比利·怀德,查尔斯·布拉克特/比利·怀德/小D.M.马什曼,威廉·霍尔登/葛洛丽亚·斯旺森/埃里克·冯·施特罗海姆/南希·奥尔森/弗雷德·克拉克/巴斯特·基顿,剧情/黑色电影,美国,1950-08-10,110分钟
奇爱博士 / Dr. Strangelove or: How I Learned to Stop Worrying and Love the Bomb,奇爱博士,8.7,37952,斯坦利·库布里克,斯坦利·库布里克/特里·索泽恩/彼得·乔治,彼得·塞勒斯/乔治·C·斯科特/斯特林·海登/詹姆斯·厄尔·琼斯/格伦·贝克,剧情/喜剧,美国/英国,1964-01-29(美国),95 分钟
现代启示录 / Apocalypse Now,现代启示录,8.3,47506,弗朗西斯·福特·科波拉,弗朗西斯·福特·科波拉/约翰·米利厄斯/Michael Herr,马龙·白兰度/马丁·辛/罗伯特·杜瓦尔/弗雷德里克·福瑞斯特/山姆·伯顿斯/哈里森·福特,剧情/战争,美国,1979-05-19(戛纳电影节)/1979-08-15(美国),153分钟(公映版)/202分钟(DVD发行终极版)/196分钟(导演重剪版)
回到未来 / Back to the Future,回到未来,8.4,67142,罗伯特·泽米吉斯,罗伯特·泽米吉斯/鲍勃·盖尔,迈克尔·J·福克斯/克里斯托弗·洛伊德/莉·汤普森/克里斯平·格洛弗/托马斯·F·威尔森/克劳迪娅·韦尔斯/马克·麦克卢尔/温迪·乔·斯佩博/乔治·第桑佐/弗兰西斯·李·麦克凯恩/詹姆斯·托根/J·J·科恩/凯西·希玛兹科/比利·赞恩/小哈利·沃特斯/唐纳德·富利洛夫/丽萨·弗里曼/克里斯滕·考夫曼,喜剧/科幻/冒险,美国,1985-07-03(美国),116分钟
后窗 / Rear Window,后窗,8.4,64352,阿尔弗雷德·希区柯克,康奈尔·伍尔里奇/约翰·迈克尔·海耶斯,詹姆斯·斯图尔特/格蕾丝·凯利/温戴尔·柯瑞/瑟尔玛·瑞特/雷蒙德·布尔,悬疑/惊悚,美国,1954-08-01,112 分钟
生活多美好 / It's a Wonderful Life,生活多美好,9.2,30695,弗兰克·卡普拉,弗朗西丝·古德里奇/艾伯特·哈克特/弗兰克·卡普拉,詹姆斯·斯图尔特/唐娜·里德/莱昂纳尔·巴里摩尔/托马斯·米切尔/亨利·崔佛斯,剧情/爱情/奇幻,美国,1946-12-20,
爱在黎明破晓前 / Before Sunrise,爱在黎明破晓前,8.7,206700,理查德·林克莱特,理查德·林克莱特/金·克里桑,伊桑·霍克/朱莉·德尔佩/安德莉亚·埃克特/汉诺·波西尔/Karl Bruckschwaiger,剧情/爱情,美国/奥地利/瑞士,1995-01-27(美国),101分钟
勇士 / Warrior,勇士,8.9,81377,加文·欧康诺,加文·欧康诺/Anthony Tambakis,汤姆·哈迪/乔尔·埃哲顿/尼克·诺特/詹妮弗·莫里森/弗兰克·格里罗/凯文·杜恩,剧情/家庭/运动,美国,2011-09-09(美国),140分钟
狩猎 / Jagten,狩猎,9.0,115062,托马斯·温特伯格,托马斯·温特伯格/托比亚斯·林道赫姆,麦斯·米科尔森/托玛斯·博·拉森/安妮卡·韦德科普/拉塞·福格尔斯特伦/苏西·沃德/安妮·路易丝·哈辛/拉斯·兰特/亚历山德拉·拉帕波特,剧情,丹麦/瑞典,2012-05-20(戛纳电影节)/2013-01-10(丹麦),115分钟
一次别离 / جدایی نادر از سیمین,一次别离,8.7,123429,阿斯哈·法哈蒂,阿斯哈·法哈蒂,佩曼·莫阿迪/蕾拉·哈塔米/萨瑞·巴亚特/沙哈布·侯赛尼/萨日娜·法哈蒂/梅里拉·扎雷伊/阿里-阿萨哈·萨哈巴齐/巴巴克·卡里米/吉米娅·侯赛伊妮/希尔·亚齐丹巴克什/萨哈巴努·佐哈多,剧情/家庭,伊朗/法国,2012-11-13(中国大陆)/2011-02-15(柏林电影节)/2011-03-16(伊朗),123分钟
第六感 / The Sixth Sense,第六感,8.8,222407,M·奈特·沙马兰,M·奈特·沙马兰,布鲁斯·威利斯/海利·乔·奥斯蒙/托妮·科莱特/奥莉维亚·威廉姆斯/唐尼·沃尔伯格/特拉沃·摩根/彼得·安东尼·唐伯蒂斯/格伦·菲茨杰拉德/米莎·巴顿/Lisa Summerour/Firdous Bamji/杰弗里·泽布尼斯,剧情/悬疑/恐怖,美国,1999-08-06(美国),107分钟
美国丽人 / American Beauty,美国丽人,8.4,171477,萨姆·门德斯,艾伦·鲍尔,凯文·史派西/安妮特·贝宁/索拉·伯奇/米娜·苏瓦丽/克里斯·库珀/韦斯·本特利/彼得·盖勒/艾莉森·珍妮/斯科特·巴库拉/山姆·洛巴兹/巴里·德尔·舍曼,剧情/家庭,美国,1999-09-08(洛杉矶首映)/1999-10-01(美国),122 分钟
"怪兽电力公司 / Monsters, Inc.",怪兽电力公司,8.6,223174,彼特·道格特/大卫·斯沃曼/李·昂克里奇,安德鲁·斯坦顿/丹尼尔·吉尔森/罗伯特·L·贝尔德/略特·里斯/乔纳森·罗伯特/彼特·道格特/杰夫·皮金/吉尔·卡尔顿/拉夫·埃格尔斯顿,约翰·古德曼/比利·克里斯托/玛丽·吉布斯/史蒂夫·布西密/詹姆斯·柯本/詹妮弗·提莉/鲍勃·彼德森/约翰·拉岑贝格/弗兰克·奥兹/丹尼尔·吉尔森/邦尼·亨特/杰克·安琪/Samuel Lord Black/Steve Susskind,喜剧/动画/儿童/奇幻,美国,2001-11-02(美国)/2012-12-19(美国),92 分钟
暖暖内含光 / Eternal Sunshine of the Spotless Mind,暖暖内含光,8.4,134583,米歇尔·贡德里,查理·考夫曼/米歇尔·贡德里/皮埃尔·比斯毛特,金·凯瑞/凯特·温丝莱特/伊利亚·伍德/克斯汀·邓斯特/汤姆斯·杰·瑞恩/马克·鲁弗洛/简·亚当斯/大卫·克罗斯/汤姆·威尔金森/Amir Ali Said/Brian Price/Paulie Litt,剧情/爱情/奇幻,美国,2004-03-19(美国),108分钟
发条橙 / A Clockwork Orange,发条橙,8.4,173825,斯坦利·库布里克,斯坦利·库布里克/安东尼·伯吉斯,马尔科姆·麦克道威尔/帕特里克·马基/迈克尔·贝茨/沃伦·克拉克/约翰·克莱夫,剧情/科幻/犯罪,英国/美国,1971-12-19(纽约首映)/1972-01-13(英国),136 分钟
玛丽和马克思 / Mary and Max,玛丽和马克思,8.9,225718,亚当·艾略特,亚当·艾略特,托妮·科莱特/菲利普·塞默·霍夫曼/艾瑞克·巴纳/巴瑞·哈姆弗莱斯/贝塔尼·维特莫尔,剧情/爱情/动画,澳大利亚,2009-04-09,
梦之安魂曲 / Requiem for a Dream,梦之安魂曲,8.7,103940,达伦·阿伦诺夫斯基,达伦·阿伦诺夫斯基/小胡伯特·塞尔比,艾伦·伯斯汀/杰瑞德·莱托/詹妮弗·康纳利/马龙·韦恩斯/克里斯托弗·麦克唐纳/露易丝·拉塞尔/玛西娅·让·库尔茨/夏洛特·阿罗诺夫斯基/马克·马戈利斯/Janet Sarno/苏珊妮·谢泼德,剧情,美国,2000-10-27,102分钟
角斗士 / Gladiator,角斗士,8.4,120654,雷德利·斯科特,大卫·弗兰佐尼/约翰·洛根/William Nicholson,罗素·克劳/杰昆·菲尼克斯/康妮·尼尔森/理查德·哈里斯/杰曼·翰苏/奥列佛·里德/德里克·雅各比,剧情/动作/历史/冒险,英国/美国,2000-05-05,155分钟/171分钟(加长版)
绿里奇迹 / The Green Mile,绿里奇迹,8.7,98841,弗兰克·德拉邦特,弗兰克·德拉邦特/斯蒂芬·金,汤姆·汉克斯/大卫·摩斯/迈克·克拉克·邓肯/邦尼·亨特/詹姆斯·克伦威尔/迈克尔·杰特/格雷厄姆·格林/道格·休切逊/山姆·洛克威尔/巴里·佩珀/杰弗里·德曼/派翠西娅·克拉克森/哈利·戴恩·斯坦通/戴布思·格里尔/伊芙·布伦特,剧情/悬疑/犯罪/奇幻,美国,1999-12-10(美国),189 分钟
卡萨布兰卡 / Casablanca,卡萨布兰卡,8.6,116152,迈克尔·柯蒂斯,朱利叶斯·J·爱泼斯坦/菲利普·G·爱泼斯坦/霍华德·科克/凯西·罗宾逊,亨弗莱·鲍嘉/英格丽·褒曼/保罗·亨雷德/克劳德·雷恩斯/康拉德·韦特/西德尼·格林斯垂特/彼得·洛/杜利·威尔逊,剧情/爱情/战争,美国,1942-11-26(纽约首映)/1943-01-23(美国),102 分钟
"黄金三镖客 / Il buono, il brutto, il cattivo.",黄金三镖客,9.1,46842,赛尔乔·莱翁内,艾根诺尔·因克鲁西/富里奥·斯卡派利/卢西亚诺·文森佐尼/赛尔乔·莱翁内,克林特·伊斯特伍德/埃里·瓦拉赫/李·范·克里夫/阿尔多·久弗瑞/路易吉·皮斯蒂利,西部/冒险,意大利/西班牙/西德,1966-12-23,161 分钟/186 分钟(法国加长版)/182 分钟(西班牙)/179 分钟(美国加长版)/142 分钟(芬兰剪辑版)
萤火虫之墓 / 火垂るの墓,萤火虫之墓,8.7,193486,高畑勋,高畑勋/野坂昭如,辰己努/白石绫乃/志乃原良子/山口朱美/端田宏三,剧情/动画/战争,日本,1988-04-16(日本),89 分钟
窃听风暴 / Das Leben der Anderen,窃听风暴,9.1,213280,弗洛里安·亨克尔·冯·多纳斯马,弗洛里安·亨克尔·冯·多纳斯马,乌尔里希·穆埃/马蒂娜·戈黛特/塞巴斯蒂安·科赫/乌尔里奇·图克尔/托马斯·席尔梅,剧情/悬疑,德国,2006-03-23(德国),137分钟
指环王2：双塔奇兵 / The Lord of the Rings: The Two Towers,指环王2：双塔奇兵,8.9,261563,彼得·杰克逊,弗兰·威尔士/菲利帕·鲍恩斯/Stephen Sinclair/彼得·杰克逊/J·R·R·托尔金,伊利亚·伍德/西恩·奥斯汀/伊恩·麦克莱恩/维果·莫腾森/奥兰多·布鲁姆/克里斯托弗·李/丽芙·泰勒/安迪·瑟金斯/雨果·维文/卡尔·厄本/凯特·布兰切特/多米尼克·莫纳汉/大卫·文翰/比利·博伊德/布拉德·道里夫/伯纳德·希尔/约翰·瑞斯-戴维斯/米兰达·奥图,剧情/动作/奇幻/冒险,美国/新西兰,2003-04-25(中国大陆)/2002-12-05(纽约首映)/2002-12-18(美国),179分钟/223分钟(加长版)/235分钟(蓝光加长版)
指环王1：魔戒再现 / The Lord of the Rings: The Fellowship of the Ring,指环王1：魔戒再现,8.9,291904,彼得·杰克逊,弗兰·威尔士/菲利帕·鲍恩斯/彼得·杰克逊/J·R·R·托尔金,伊利亚·伍德/西恩·奥斯汀/伊恩·麦克莱恩/维果·莫腾森/奥兰多·布鲁姆/凯特·布兰切特/肖恩·宾/克里斯托弗·李/雨果·维文/丽芙·泰勒/安迪·瑟金斯/伊安·霍姆/多米尼克·莫纳汉/萨拉·贝克/约翰·瑞斯-戴维斯,剧情/动作/奇幻/冒险,新西兰/美国,2002-04-04(中国大陆)/2001-12-19(美国),178分钟/208分钟(加长版)/228分钟(蓝光加长版)
教父2 / The Godfather: Part Ⅱ,教父2,9.1,179438,弗朗西斯·福特·科波拉,弗朗西斯·福特·科波拉/马里奥·普佐,阿尔·帕西诺/罗伯特·杜瓦尔/黛安·基顿/罗伯特·德尼罗/约翰·凯泽尔/塔莉娅·夏尔/李·斯特拉斯伯格/迈克尔·V·格佐/G·D·斯普拉德林/理查德·布赖特/加斯通·莫辛/汤姆·罗斯奎/布鲁诺·柯比/弗兰克·西维罗/弗朗西丝卡·德·萨维奥,剧情/犯罪,美国,1974-12-12(纽约首映)/1974-12-20(美国),202分钟
指环王3：王者无敌 / The Lord of the Rings: The Return of the King,指环王3：王者无敌,9.1,276969,彼得·杰克逊,弗兰·威尔士/菲利帕·鲍恩斯/彼得·杰克逊/J·R·R·托尔金,维果·莫腾森/伊利亚·伍德/西恩·奥斯汀/丽芙·泰勒/伊恩·麦克莱恩/奥兰多·布鲁姆/凯特·布兰切特/米兰达·奥图/安迪·瑟金斯/雨果·维文/多米尼克·莫纳汉/比利·博伊德/马尔顿·索克斯/卡尔·厄本/克里斯托弗·李/约翰·瑞斯-戴维斯,剧情/动作/奇幻/冒险,美国/新西兰,2004-03-12(中国大陆)/2003-12-17(美国),201分钟/251分钟(加长版)/263分钟(蓝光加长版)
莫西干回到故乡 / モヒカン故郷に帰る,莫西干回到故乡,7.7,5730,冲田修一,冲田修一,松田龙平/柄本明/前田敦子/罇真佐子/千叶雄大/木场胜己/美保纯/小柴亮太/富田望生/守屋文雄,喜剧,日本,2016-04-09(日本),125分钟
暗杀 / 암살,暗杀,8.0,103754,崔东勋,崔东勋/李基哲,全智贤/李政宰/河正宇/吴达洙/赵震雄/李璟荣/崔德门/金义城/朴炳垠/陈庆/金海淑/曹承佑/河知元,剧情/动作/历史/犯罪,韩国,2015-09-17(中国大陆)/2015-07-22(韩国),139分钟
奇异博士 / Doctor Strange,奇异博士,7.7,223338,斯科特·德瑞克森,史蒂夫·迪特寇/托马斯·迪恩·唐纳利/斯坦·李/乔·斯派茨/约书亚·奥本海默,本尼迪克特·康伯巴奇/蒂尔达·斯文顿/麦斯·米科尔森/切瓦特·埃加福特/瑞秋·麦克亚当斯/迈克尔·斯图巴/本尼迪克特·王/本杰明·布拉特/斯科特·阿金斯/莎拉·费希恩/阿拉·萨菲,动作/科幻/奇幻/冒险,美国,2016-11-04(中国大陆/美国)/2016-10-25(英国),115分钟
魔女宅急便 / 魔女の宅急便,魔女宅急便,8.4,178198,宫崎骏,宫崎骏/角野荣子,高山南/佐久间玲/山口胜平/户田惠子/信泽三惠子,动画/奇幻/冒险,日本,1989-07-29(日本),103分钟
幽灵公主 / もののけ姫,幽灵公主,8.8,223322,宫崎骏,宫崎骏,松田洋治/石田百合子/田中裕子/森光子/西村雅彦/上条恒彦/美轮明宏/森繁久弥/岛本须美/渡边哲/佐藤允/名古屋章/小林薰,动画/奇幻/冒险,日本,1997-07-12,134 分钟
怦然心动 / Flipped,怦然心动,8.9,522865,罗伯·莱纳,罗伯·莱纳/安德鲁·沙因曼/文德琳·范·德拉安南,玛德琳·卡罗尔/卡兰·麦克奥利菲/瑞贝卡·德·莫妮/安东尼·爱德华兹/约翰·马奥尼/佩内洛普·安·米勒/艾丹·奎因/凯文·韦斯曼/摩根·莉莉/肖恩·哈珀/瑞安·克茨纳/吉莉安·普法夫/迈克尔·博萨/博·勒纳/杰奎琳·埃沃拉/泰勒·格鲁秀斯,剧情/喜剧/爱情,美国,2010-08-06(美国),90分钟(美国)
放牛班的春天 / Les choristes,放牛班的春天,9.2,436823,克里斯托夫·巴拉蒂,Georges Chaperot/勒·惠勒,杰拉尔·朱诺/让-巴蒂斯特·莫尼耶/弗朗索瓦·贝莱昂/凯德·麦拉德/玛丽·布奈尔/马科森斯·珀林/让-保罗·博奈雷/格雷戈里·加迪诺尔/托马斯·布伦门塔尔/Cyril Bernicot/Simon Fargeot/Théodule Carré-Cassaigne/Philippe du Janerand/卡罗尔·韦斯/Erick Desmarestz,剧情/音乐,法国/瑞士/德国,2004-10-16(中国大陆)/2004-03-17(法国),97 分钟
哈尔的移动城堡 / ハウルの動く城,哈尔的移动城堡,8.8,333293,宫崎骏,宫崎骏/吉田玲子,倍赏千惠子/木村拓哉/美轮明宏/我修院达也/神木隆之介/伊崎充则/大泉洋/大塚明夫/原田大二郎/加藤治子,爱情/动画/奇幻/冒险,日本,2004-09-05(威尼斯电影节)/2004-11-20(日本),119分钟
你看起来好像很好吃 / おまえうまそうだな,你看起来好像很好吃,8.8,158126,藤森雅也,宮西達也,山口胜平/加藤清史郎/原田知世/別所哲也,剧情/动画/儿童,日本,2010-10-16(日本),90分钟
天堂电影院 / Nuovo Cinema Paradiso,天堂电影院,9.1,301384,朱塞佩·托纳多雷,Carl Paoli/朱塞佩·托纳多雷,安东娜拉·塔莉/恩佐·卡拉瓦勒/艾萨·丹尼埃利/里奥·故罗塔/马克·莱昂纳蒂/普佩拉·玛奇奥/阿格妮丝·那诺/里奥普尔多·特里斯特/萨瓦特利·卡西欧/塔诺·希玛罗萨/尼古拉·平托/Roberta Lena/尼诺·戴罗佐/雅克·贝汉/布丽吉特·佛西/菲利浦·诺瓦雷,剧情/爱情,意大利/法国,1988-11-17(意大利),155分钟/173分钟(加长版)/124分钟(公映版)
赴汤蹈火 / Hell or High Water,赴汤蹈火,7.9,27182,大卫·马肯兹,泰勒·谢里丹,克里斯·派恩/本·福斯特/杰夫·布里吉斯/凯蒂·米克松/凯文·兰金/戴尔·迪奇/吉尔·伯明翰/马琳·爱尔兰/梅勒妮·帕帕拉/迪兰·科宁/巴克·泰勒/安伯·明迪桑德,剧情/犯罪/西部,美国,2016-05-16(戛纳电影节)/2016-08-12(美国),102分钟
惊曝内幕 / The Insider,惊曝内幕,8.1,14963,迈克尔·曼,迈克尔·曼/艾瑞克·罗斯/Marie Brenner,阿尔·帕西诺/罗素·克劳/克里斯托弗·普卢默/戴安·维诺拉/菲利浦·贝克·霍尔/林赛·克洛斯/黛比·玛扎/斯蒂芬·托布罗斯基/科鲁姆·费奥瑞/布鲁斯·麦克吉尔/吉娜·格申/迈克尔·刚本/雷普·汤恩/林恩·瑟格本/海莉·凯特·爱森伯格,剧情/惊悚/传记,美国,1999-11-05(美国),157分钟
武林探秘,武林探秘,,,于小鹏,,,动作/纪录片,中国大陆,,93分钟
阳光姐妹淘 / 써니,阳光姐妹淘,8.8,254626,姜炯哲,姜炯哲,沈恩京/闵孝琳/姜素拉/南宝拉/陈熙京/金时厚/柳好贞/朴真珠/金甫美/千禹熙/李璟荣,剧情/喜剧,韩国,2011-05-04(韩国),124分钟/135分钟(导演剪辑版)
触不可及 / Intouchables,触不可及,9.1,354374,奥利维·那卡什/艾力克·托兰达,奥利维·那卡什/艾力克·托兰达,弗朗索瓦·克鲁塞/奥玛·赛/安乐妮/奥黛丽·弗洛特/托马斯·索利维斯,剧情/喜剧,法国,2011-11-02(法国),112分钟
开心家族 / 헬로우 고스트,开心家族,8.5,122640,金永卓,金永卓,车太贤/高昌锡/张荣男/姜艺媛/千宝根/李文秀,剧情/喜剧/家庭,韩国,2011-11-29(中国大陆)/2010-12-22(韩国),111分钟
聚焦 / Spotlight,聚焦,8.7,109385,汤姆·麦卡锡,乔希·辛格/汤姆·麦卡锡,马克·鲁弗洛/迈克尔·基顿/瑞秋·麦克亚当斯/列维·施瑞博尔/约翰·斯拉特里/布莱恩·达西·詹姆斯/斯坦利·图齐/比利·克鲁德普/保罗·吉尔福伊尔/杰米·谢尔丹/兰·卡琉/尼尔·哈夫/迈克尔·西里尔·克赖顿/迈克尔·康特里曼,剧情/传记,美国/加拿大,2015-09-03(威尼斯电影节)/2015-11-25(美国),128分钟
猫鼠游戏 / Catch Me If You Can,猫鼠游戏,8.7,205192,史蒂文·斯皮尔伯格,杰夫·内桑森,莱昂纳多·迪卡普里奥/汤姆·汉克斯/克里斯托弗·沃肯/马丁·辛/艾米·亚当斯/詹妮弗·加纳/伊丽莎白·班克斯/纳塔莉·贝伊/詹姆斯·布洛林/艾伦·旁派/南希·利内翰/布莱恩·豪威/弗兰克·约翰·休斯/克里斯·埃里斯,剧情/传记/犯罪,美国/加拿大,2002-12-16(洛杉矶首映)/2002-12-25(美国),141 分钟
蜡笔小新：梦境世界大突击 / クレヨンしんちゃん 爆睡!ユメミーワールド大突撃,蜡笔小新：梦境世界大突击,7.3,7627,高桥涉,剧团一人/高桥涉,矢岛晶子/楢桥美纪/藤原启治/兴梠里美,喜剧/动画,日本,2016-11-04(中国大陆)/2016-04-16(日本),97分钟
捉迷藏,捉迷藏,5.4,21017,刘杰,顾小白/任鹏,霍建华/秦海璐/万茜/春夏/董子健,悬疑/惊悚/犯罪,中国大陆,2016-11-04(中国大陆),105分钟
香肠派对 / Sausage Party,香肠派对,7.1,52375,康拉德·弗农/格雷格·蒂曼,塞斯·罗根/埃文·戈德堡/凯尔·亨特/艾瑞尔·沙福,塞斯·罗根/克里斯汀·韦格/詹姆斯·弗兰科/乔纳·希尔/爱德华·诺顿/萨尔玛·海耶克/保罗·路德/迈克尔·塞拉/大卫·克鲁霍尔特兹/比尔·哈德尔/丹尼·麦克布耐德/尼克·克罗尔/克雷格·罗宾森/康拉德·弗农/舒格·林·彼尔德,喜剧/动画/冒险,美国,2016-08-12(美国),89分钟
大会师,大会师,2.9,246,安澜,雷献和/王杉/胡金新,王晖/侯勇/侯祥玲/李泓瑞/黄尧,历史/战争,中国大陆,2016-10-26(中国大陆),107分钟
侠探杰克：永不回头 / Jack Reacher: Never Go Back,侠探杰克：永不回头,5.9,19219,爱德华·兹威克,马歇尔·赫斯科维兹/理查德·温克/爱德华·兹威克/李查德,汤姆·克鲁斯/寇碧·史莫德斯/罗伯特·克耐普/达妮卡·亚罗什/阿尔迪斯·霍吉/乔凡尼·席尔瓦/霍特·麦克卡兰尼/特瑞·韦伯/亨特·巴克/斯嘉丽特·米尔罗尼/帕特里克·赫辛格/安东尼·莫利纳利,动作/犯罪,美国,2016-10-21(中国大陆/美国),118分钟
机械师2：复活 / Mechanic: Resurrection,机械师2：复活,5.6,50308,丹尼斯·甘塞尔,菲利普·谢尔比/托尼·莫舍,杰森·斯坦森/杰西卡·阿尔芭/汤米·李·琼斯/杨紫琼/山姆·哈兹尔丁/约翰·塞纳迭姆博/托比·艾丁顿/费米·依鲁福祖/安提欧·昆塔瓦莱/雅雅英/邦妮·泽勒巴克/斯图尔特·索普/艾利克斯·库则力科/布拉汉姆·艾克巴赫/托马斯·科维,动作/犯罪,法国/美国,2016-10-21(中国大陆)/2016-08-26(美国),98分钟(美国)/97分钟(中国大陆)
王牌逗王牌,王牌逗王牌,3.3,22413,王晶,王晶,刘德华/黄晓明/王祖蓝/胡然/欧阳娜娜/谢依霖/沈腾/赵英俊/戚薇/徐冬冬/毛俊杰/吴樾,喜剧/动作/冒险,中国大陆/香港,2016-09-30(中国大陆),102分钟
十二猴子 / Twelve Monkeys,十二猴子,8.0,117503,特瑞·吉列姆,大卫·韦伯·皮普尔斯/Janet Peoples/克里斯·马克,布鲁斯·威利斯/布拉德·皮特/大卫·摩斯/克里斯托弗·普卢默/乔恩·塞达/玛德琳·斯托/Joseph Melito/Michael Chance/Vernon Campbell/H. Michael Walls/Bob Adrian/西蒙·琼斯/Carol Florence/Bill Raymond/Ernest Abuba/Irma St. Paule/Joey Perillo/Bruce Kirkpatrick,科幻/悬疑/惊悚,美国,1995-12-27(美国),129 分钟
2001太空漫游 / 2001: A Space Odyssey,2001太空漫游,8.6,83536,斯坦利·库布里克,亚瑟·克拉克/斯坦利·库布里克,凯尔·杜拉/加里·洛克伍德/威廉姆·西尔维斯特/丹尼尔·里希特/雷纳德·洛塞特/罗伯特·比提/肖恩·沙利文/艾德·毕肖普/格伦·贝克/艾伦·吉福德/安·吉利斯,科幻/惊悚/冒险,英国/美国,1968-04-02(华盛顿首映)/1968-05-15(英国),148分钟
K星异客 / K-PAX,K星异客,8.5,49177,Iain Softley,Charles Leavitt/Gene Brewer,凯文·史派西/杰夫·布里吉斯/玛丽·麦克科马克/阿尔法·伍达德/大卫·帕特里克·凯利,剧情/科幻/悬疑,美国/德国,2001-10-26(美国),120 分钟
监狱风云 / 監獄風雲,监狱风云,8.1,37225,林岭东,南燕,周润发/梁家辉/何家驹/张耀扬/黄光亮/吴志雄/成奎安,剧情/动作/犯罪,香港,1987-11-13(香港),98分钟
三个孬家伙,三个孬家伙,4.7,338,李春啸,李春啸,刘桦/来喜/于非/朱博,喜剧,中国大陆,2016-09-23(中国大陆),86分钟
鲨滩 / The Shallows,鲨滩,7.1,59670,佐米·希尔拉,安东尼·贾斯温斯基,布蕾克·莱弗利/奥斯卡·贾恩那达/布莱特·卡伦/塞多娜·莱格,惊悚/冒险,美国,2016-09-09(中国大陆)/2016-06-24(美国),87分钟
九条命 / Nine Lives,九条命,6.9,51712,巴里·索南菲尔德,丹尼尔·安东尼亚兹/本·什福林/马特·艾伦/格温·劳伦/卡勒布·威尔森,凯文·史派西/詹妮弗·加纳/玛丽娜·维丝曼/克里斯托弗·沃肯/泰迪·西尔斯/罗比·阿美尔/切瑞·海恩斯/特丽莎·贝特曼/舍治·哈德/娜塔莉·希波蒂/艾伦·大卫/马克·康苏斯/杰·帕特森/崔斯坦·D·拉勒/布拉德·奥多斯,喜剧/家庭/奇幻,法国/中国大陆,2016-09-09(中国大陆)/2016-08-03(法国),87分钟
反贪风暴2 / S風暴,反贪风暴2,5.2,24103,林德禄,黄浩华/林德禄,古天乐/张智霖/周渝民/蔡少芬/林保怡/卢海鹏/石修/曾志伟/陈静/曾国祥/盛君/张松枝/林家栋/姜皓文/蔡洁/欧锦棠/徐靖雯/宋海颉/陈宇琛/陆骏光/李忠希/张同祖/郑敬基/郭锋/尹子维,剧情/犯罪,中国大陆/香港,2016-09-14(中国大陆),95分钟
七月与安生,七月与安生,7.6,234850,曾国祥,林咏琛/李媛/许伊萌/吴楠/安妮宝贝,周冬雨/马思纯/李程彬/李萍/蔡纲/蒙亭宜/沙全泽/姚欣言/李昊芳/蒋亭轩,剧情/爱情,中国大陆/香港,2016-09-14(中国大陆)/2016-10-27(香港),109分钟
樱桃小丸子：来自意大利的少年 / ちびまる子ちゃん イタリアから来た少年,樱桃小丸子：来自意大利的少年,7.0,14188,高木淳,樱桃子,鳕子/屋良有作/一龙斋贞友/岛田敏/水谷优子/渡边菜生子/中川大志/剧团一人/铃木木瓜/渡边直美/萝拉,剧情/动画,日本,2016-09-23(中国大陆)/2015-12-23(日本),94分钟/95分钟(中国大陆)
人工智能 / Artificial Intelligence: AI,人工智能,8.6,178699,史蒂文·斯皮尔伯格,布莱恩·奥尔迪斯/史蒂文·斯皮尔伯格/Ian Watson,海利·乔·奥斯蒙/弗兰西丝·奥康纳/山姆·洛巴兹/杰克·托马斯/裘德·洛/威廉·赫特/肯·梁/克拉克·格雷格/凯文·苏斯曼/汤姆·加洛普/Eugene Osment/艾普尔·格雷斯/马特·温斯顿/萨布丽娜·格德维奇/Theo Greenly,剧情/科幻/冒险,美国,2001-06-29(美国),146分钟
希区柯克与特吕弗 / Hitchcock/Truffaut,希区柯克与特吕弗,7.8,1171,肯特·琼斯,肯特·琼斯/塞奇·图比亚纳,韦斯·安德森/奥利维耶·阿萨亚斯/彼得·博格丹诺维奇/阿诺·德斯普里钦/大卫·芬奇/詹姆士·格雷/阿尔弗雷德·希区柯克/黑泽清/理查德·林克莱特/保罗·施拉德/马丁·斯科塞斯/弗朗索瓦·特吕弗,纪录片,法国/美国,2015-05-19(戛纳电影节)/2016-04(北京电影节),79分钟
月升王国 / Moonrise Kingdom,月升王国,8.2,68573,韦斯·安德森,韦斯·安德森/罗曼·科波拉,杰瑞德·吉尔曼/卡拉·海沃德/布鲁斯·威利斯/爱德华·诺顿/弗兰西斯·麦克多蒙德/蒂尔达·斯文顿/比尔·默瑞/詹森·舒瓦兹曼/哈威·凯特尔,剧情/爱情/儿童,美国,2012-05-16(戛纳电影节)/2012-06-29(美国),94分钟
幸运是我 / 幸運是我,幸运是我,7.9,14796,罗耀辉,罗耀辉,惠英红/陈家乐/刘雅瑟/张继聪/吴日言/吴业坤/林兆霞/周俊伟/车婉婉/郭颖儿/邵音音/钱小豪/麦家琪/余伟国/钟慧冰/钟舒祺/彭立威/徐颖怡/陈慧珠/亭雨/彭旭/梁有生/波多野裕介/曾紫云/梁展峰/陈俊峰/黄若菲,剧情/家庭,香港/中国大陆,2016-08-26(中国大陆)/2016-09-08(香港),113分钟
长江图,长江图,6.8,19202,杨超,杨超,秦昊/辛芷蕾/邬立朋/江化霖/谭凯/王宏伟,剧情/爱情,中国大陆,2016-09-09(中国大陆)/2016-02-15(柏林电影节),116分钟(柏林电影节)/115分钟(中国大陆)
朗读者 / The Reader,朗读者,8.5,264805,史蒂芬·戴德利,戴维·黑尔/本哈德·施林克,凯特·温丝莱特/拉尔夫·费因斯/大卫·克劳斯/詹妮特·海因/苏珊娜·罗莎/Alissa Wilms/弗罗里安·巴西奥罗麦/弗里德里克·贝得勒支/马赛斯·哈贝奇/Frieder Venus/Marie-Anne Fliegel/Hendrik Arnst/Rainer Sellien/托尔斯滕·米凯利斯/Moritz Grove,剧情/爱情,美国/德国,2008-12-10(纽约首映)/2009-01-30(美国)/2009-02-26(德国),124 分钟
胭脂扣,胭脂扣,8.3,122393,关锦鹏,邱刚健/李碧华,梅艳芳/张国荣/万梓良/朱宝意/温碧霞/谭倩红/谢贤/汪禹/刘家荣/惠英红/朱瑞棠,剧情/爱情,香港,1988-01-07,96分钟(香港)
惊天大逆转,惊天大逆转,7.0,50353,李骏,丁小洋,钟汉良/李政宰/郎月婷/李彩英,剧情/悬疑/犯罪,中国大陆/韩国,2016-07-15(中国大陆),110分钟
环太平洋 / Pacific Rim,环太平洋,7.6,243230,吉尔莫·德尔·托罗,特拉维斯·比彻姆/吉尔莫·德尔·托罗,查理·汉纳姆/菊地凛子/伊德里斯·艾尔巴/查理·戴/朗·普尔曼/罗伯特·卡辛斯基/马克斯·马蒂尼/伯恩·戈曼/小克利夫顿·克林斯/芦田爱菜/迪亚哥·克莱特霍夫/希瑟·多克森/罗伯特·梅耶,动作/科幻/冒险/灾难,美国,2013-07-31(中国大陆)/2013-07-12(美国),131分钟
蚁人 / Ant-Man,蚁人,7.6,179000,佩顿·里德,斯坦·李/杰克·科比/拉里·利伯/埃德加·赖特/乔·考尼什/亚当·麦凯/保罗·路德,保罗·路德/迈克尔·道格拉斯/伊万杰琳·莉莉/寇瑞·斯托尔/迈克尔·佩纳/大卫·达斯马齐连/朱迪·格雷尔/鲍比·坎纳瓦尔/约翰·斯拉特里/伍德·哈里斯/T.I./海莉·阿特维尔/瓦内萨·罗斯/马丁·唐文/乔·克里斯特/艾比·莱德·弗特森/安东尼·麦凯/加勒特·莫里斯/尼尔·汉博格/鲁德·哈利特/斯坦·李/克里斯·埃文斯/塞巴斯蒂安·斯坦,动作/科幻/冒险,美国,2015-10-16(中国大陆)/2015-07-17(美国),117分钟
银河护卫队 / Guardians of the Galaxy,银河护卫队,8.0,229639,詹姆斯·古恩,詹姆斯·古恩/尼科尔·帕尔曼/丹·阿布内特/安迪·兰宁,克里斯·普拉特/佐伊·索尔达娜/布莱德利·库珀/范·迪塞尔/戴夫·巴蒂斯塔/李·佩斯/迈克尔·鲁克/凯伦·吉兰/杰曼·翰苏/本尼西奥·德尔·托罗/约翰·C·赖利/格伦·克洛斯/劳拉·哈德克/肖恩·古恩/彼得·塞拉菲诺威茨/埃米特·斯坎伦/奥菲利亚·拉维邦德,动作/科幻/冒险,美国/英国,2014-10-10(中国大陆)/2014-07-21(洛杉矶首映)/2014-08-01(美国),121分钟
雷神2：黑暗世界 / Thor: The Dark World,雷神2：黑暗世界,7.4,129313,阿兰·泰勒,克里斯托弗·约斯特/克里斯托弗·马库斯/斯蒂芬·麦克菲利/唐·佩恩/罗伯特·罗达特/斯坦·李/拉里·利伯/杰克·科比,克里斯·海姆斯沃斯/汤姆·希德勒斯顿/娜塔莉·波特曼/斯特兰·斯卡斯加德/伊德里斯·艾尔巴/克里斯托弗·埃克莱斯顿/阿德沃尔·阿吉纽依-艾格拜吉/凯特·戴琳斯/雷·史蒂文森/扎克瑞·莱维/浅野忠信/杰米·亚历山大/安东尼·霍普金斯/蕾妮·罗素/克里斯·奥多德/克里夫·罗素/格拉汉姆·谢尔斯,动作/奇幻/冒险,美国,2013-11-08(中国大陆/美国),112分钟
国王的演讲 / The King's Speech,国王的演讲,8.3,313835,汤姆·霍珀,大卫·塞德勒,科林·费尔斯/杰弗里·拉什/海伦娜·伯翰·卡特/盖·皮尔斯/迈克尔·刚本/蒂莫西·斯波/詹妮弗·艾莉/德里克·雅各比/安东尼·安德鲁斯/克莱尔·布鲁姆,剧情/传记/历史,英国/澳大利亚/美国,2012-02-24(中国大陆)/2010-09-06(特柳赖德电影节)/2010-12-25(美国)/2011-01-07(英国),118分钟
余罪 第一季,余罪 第一季,8.2,67814,张睿,沈嵘/张仕栋/姜无及/常书欣,张一山/吴优/常戎/张锦程/王戈/葛铮/张承/白一弘/孙佳雨/张雨剑/杜子名/于笑/李又麟/徐冬冬/门东毅/虞朗/赵雷棋/樊昱君,剧情/悬疑/犯罪,中国大陆,,
辩护人 / 변호인,辩护人,9.1,187398,杨宇硕,杨宇硕/尹贤豪,宋康昊/吴达洙/金英爱/郭度沅/任时完,剧情,韩国,2013-12-18(韩国),127分钟
0.5毫米 / 0.5ミリ,0.5毫米,8.2,10078,安藤桃子,安藤桃子,安藤樱/织本顺吉/木内みどり/土屋希望/井上竜夫/东出昌大/柳原晴郎/角替和枝/浅田美代子/坂田利夫/柄本明/草笛光子/津川雅彦,剧情,日本,2014-11-08(日本),196分钟
独立日 / Independence Day,独立日,7.9,131410,罗兰·艾默里奇,罗兰·艾默里奇/迪安·德夫林,威尔·史密斯/比尔·普尔曼/杰夫·高布伦/玛丽·麦克唐纳/贾德·赫希/罗伯特·劳吉亚/兰迪·奎德/玛格丽特·柯林/薇薇卡·福克斯/詹姆斯·瑞布霍恩/哈维·费斯特恩/亚当·鲍德温/布伦特·斯皮内/詹姆斯·杜瓦尔/莉萨·雅克布/杰赛普·安德鲁斯/Ross Bagley/比尔·斯米托洛维奇/梅·惠特曼/小哈里·康尼克/绮尔斯腾·瓦伦/John Storey/Frank Novak/德文·古梅尔萨尔/吉姆·皮多克,动作/科幻/冒险/灾难,美国,1996-07-02(加拿大)/1996-07-03(美国),145分钟/154分钟(特别版)
勇闯夺命岛 / The Rock,勇闯夺命岛,8.5,133122,迈克尔·贝,大卫·韦斯伯格/道格拉斯·库克,肖恩·康纳利/尼古拉斯·凯奇/艾德·哈里斯/约翰·斯宾塞/大卫·摩斯/威廉·弗西斯/迈克尔·比恩/瓦内萨·马赛尔/约翰·C·麦金雷/托尼·托德/博基姆·伍德拜因/格雷格·科林斯/Brendan Kelly/史蒂夫·哈里斯/吉姆·卡维泽,动作/冒险,美国,1996-06-07(美国),136分钟
辛德勒的名单 / Schindler's List,辛德勒的名单,9.4,368919,史蒂文·斯皮尔伯格,托马斯·肯尼利/斯蒂文·泽里安,连姆·尼森/本·金斯利/拉尔夫·费因斯/卡罗琳·古多尔/乔纳森·萨加尔/艾伯丝·戴维兹/马尔戈萨·格贝尔/马克·伊瓦涅/碧翠斯·马科拉/安德烈·瑟韦林/弗里德里希·冯·图恩/克齐斯茨托夫·拉夫特/诺伯特·魏塞尔,剧情/历史/战争,美国,1993-11-30(华盛顿首映)/1994-02-04(美国),195分钟
拯救大兵瑞恩 / Saving Private Ryan,拯救大兵瑞恩,8.8,224079,史蒂文·斯皮尔伯格,罗伯特·罗达特,汤姆·汉克斯/汤姆·塞兹摩尔/爱德华·伯恩斯/巴里·佩珀/亚当·戈德堡/范·迪塞尔/吉奥瓦尼·瑞比西/杰瑞米·戴维斯/马特·达蒙/特德·丹森/保罗·吉亚玛提/丹尼斯·法里纳/马克斯·马蒂尼/丹兰·布鲁诺/安德鲁·斯科特,剧情/历史/战争,美国,1998-07-24(美国),169分钟
明明,明明,4.9,20220,区雪儿,区雪儿/刘婉仪/闽燕墨雨,周迅/吴彦祖/杨祐宁/杨恭如/张信哲/林申,动作/爱情/悬疑,中国大陆/香港,2007-04-26(香港),105 分钟
绿茶,绿茶,6.2,27752,张元,唐大年/张元/金仁顺,赵薇/姜文/王海珍/方力均/张元,剧情/爱情,中国大陆,2003-08-18(中国大陆),83 分钟
秘岸,秘岸,6.1,10236,张一白,张一白/赵天宇,莫文蔚/曾志伟/陈奕迅/檀健次/蒋雯丽/段博文/马思纯,剧情,中国大陆,2009-10-13(中国大陆),100分钟
恋人絮语 / 戀人絮語,恋人絮语,6.0,37394,曾国祥/尹志文,曾国祥/尹志文,陈奕迅/范晓萱/林嘉欣/谢安琪/彭于晏/陈伟霆/陈洁仪/向佐/陈家乐/曾志伟,剧情/爱情,香港,2010-12-31(中国大陆),118分钟
跟我的前妻谈恋爱,跟我的前妻谈恋爱,5.4,14601,李公乐,司徒锦源/邓力奇/朱文,陈坤/袁泉/陆毅/吴天瑜,剧情/爱情,中国大陆/香港/韩国,2010-10-22,93分钟
玩酷青春,玩酷青春,6.4,2428,孔令晨,袁野/谭琛/孔令晨,吕丽萍/郭涛/盛冠森/李滨/大冢匡将,剧情/家庭/运动,中国大陆,2010-09-10,90分钟
左右,左右,6.5,19522,王小帅,王小帅,刘威葳/成泰燊/张嘉译/田原/余男/高圆圆,剧情/家庭,中国大陆,2008-04-01(中国大陆)/2007-05,115 分钟
我11,我11,7.3,42782,王小帅,王小帅,闫妮/刘文卿/莫诗旎/王景春/王紫逸/乔任梁/于越/张珂源/钟国流星/楼逸昊,剧情/犯罪,中国大陆/法国,2012-05-18(中国大陆),110分钟
无人驾驶,无人驾驶,6.2,63738,张扬,张翀/霍昕,刘烨/高圆圆/李小冉/陈建斌/林心如/王珞丹/黄轩/尤勇/胡一虎/张延/林依轮/王子文/张然,剧情/爱情,中国大陆,2010-07-02(中国大陆),105分钟
青红,青红,6.9,33835,王小帅,王小帅,高圆圆/李滨/姚安濂/秦昊/王雪洋/汤杨/王小凡/戴文燕/林源/孙庆昌/尤芳明,剧情,中国大陆,2005-06-03(中国大陆)/2005-05-17(法国),116分钟(中国大陆)/123分钟(法国)
飞鹰艾迪 / Eddie the Eagle,飞鹰艾迪,8.0,27077,德克斯特·弗莱彻,肖恩·麦考利/西蒙·凯尔顿,塔伦·埃格顿/休·杰克曼/克里斯托弗·沃肯/马克·本顿/基思·艾伦/乔·哈特利/蒂姆·麦克纳尼/埃德温·安德烈/吉姆·布劳德本特/伊赫斯·贝尔本/丹尼尔·英格斯/安妮亚·索文斯金,剧情/喜剧/传记/运动,英国/美国/德国,2016-03-18(中国大陆)/2016-02-26(美国),105分钟
盂兰神功 / 盂蘭神功,盂兰神功,5.4,9502,张家辉,张家辉/郑建国,张家辉/刘心悠/林威/吴家丽/李元玲,惊悚/恐怖,香港/马来西亚,2014-07-10(香港),82分钟
我不是王毛,我不是王毛,7.8,25821,赵小溪,李海江,王大治/郭金杰/葛晓凤/苏丽/罗京民/徐箭/童振军/王旭东/赵中华/王蕴凡/彭纪国/美浓轮泰史,喜剧/战争,中国大陆,2016-03-11(中国大陆)/2014-06(上海电影节),94分钟
一狱一世界：高登阔少蹲监日记 / 壹獄壹世界：高登闊少踎監日記,一狱一世界：高登阔少蹲监日记,6.4,3549,孙立基,胡耀辉,王宗尧/张建声/蔡瀚亿/廖启智/何家驹/黄光亮/姜皓文/张松枝/陈奂仁/余安安/吴志雄/卢惠光/徐锦江,喜剧,香港,2015-05-28(香港),108分钟
分手大师,分手大师,5.0,170143,俞白眉/邓超,俞白眉,邓超/杨幂/古力娜扎/栾元晖/秦越/许可嘉/梁超/赵曼竹/孙俪/柳岩/谢楠,喜剧/爱情,中国大陆,2014-06-27(中国大陆),116分钟
爱情攻略 / 小姐誘心,爱情攻略,5.9,4726,黄柏基,叶念琛,刘心悠/周柏豪/庄思敏/姜皓文/何佩瑜/许雅婷/马志威/麦子乐/林盛斌/倪晨曦,喜剧/爱情,香港,2015-09-18(中国大陆)/2014-12-24(香港点映)/2015-01-15(香港),91分钟(中国大陆)/100分钟(香港)
不可思异,不可思异,3.8,14121,孙周,孙周/丁小洋,王宝强/小沈阳/大鹏/尹正/成毅/辛芷蕾,剧情/喜剧/科幻,中国大陆,2015-12-04(中国大陆),99分钟(中国大陆)
百变爱人 / Delete愛人,百变爱人,4.6,3542,叶念琛,叶念琛,王祖蓝/王菀之/许冠文/王敏德/元秋/薛家燕/庄思敏/龙小菌/方力申/郭伟亮/蔡瀚亿/王李丹妮,喜剧/爱情,香港/中国大陆,2014-04-11(中国大陆)/2014-05-08(香港),101分钟
我的“狐朋狗友”,我的“狐朋狗友”,5.5,702,霍猛,霍猛,王景春/佟悦/刘冠成/戴江,剧情/喜剧/爱情,中国大陆,2016-01-29(中国大陆),98分钟
吉祥酒店,吉祥酒店,3.0,471,叶天行,沈强/叶天行,周柏豪/连诗雅/罗兰/卢海鹏/艾威/温家伟/泰臣/冉冉/叶良财,惊悚/恐怖,香港,2015-11-05(香港),88分钟
吉星高照2015,吉星高照2015,3.1,2135,晴朗,陈志恒/彭艳雯,曾志伟/王祖蓝/陈嘉桦/陈静/温超/苑琼丹/元秋/湛琪清/黄一山/黄一飞/田启文/刘俊纬/杨奇煜/廖亦崟/郑文辉/冯勉恒/刘以达/阮兆祥/施明/古明华/欧锦棠/鲁芬/余慕莲/文祥/徐伟栋/陈日丰,喜剧,香港/中国大陆/台湾,2015-03-01(中国大陆)/2015-03-05(香港),86分钟
我的老婆是明星 / 我老婆係明星,我的老婆是明星,3.8,1278,翁秀兰,陈卓贤,周柏豪/刘心悠/林德信/蔡洁/蒋志光/李尚正/郭伟亮/叶佩雯/朱薰/李逸朗/杜德伟/连诗雅/卢海鹏/林盛斌/邵美琪/车婉婉/庄思敏/田启文/赵硕之/古天祥/符晓薇/黄文慧/余慕莲/王晓君/李润庭/可宜,喜剧/爱情,香港,2016-04-08(中国大陆)/2016-04-07(香港),105分钟
全力扣杀 / 全力扣殺,全力扣杀,4.8,1981,郭子健/黄智亨,郭子健/钱人豪,何超仪/郑伊健/郑中基/谢君豪/梁汉文/刘浩龙/林敏骢/邵音音/鲍春来/王琳,喜剧/动作,香港/中国大陆,2015-12-11(中国大陆)/2015-05-07(香港),100分钟(香港)/108分钟(中国大陆)
没女神探 / 沒女神探,没女神探,4.3,2266,黄柏基,叶念琛,王菀之/周柏豪/陈嘉宝/庄思敏/连诗雅/李静仪/林盛斌/郑敬基/郑欣宜/蒋志光,喜剧,香港/中国大陆,2015-12-15(中国大陆)/2015-09-03(香港),100分钟
选老顶 / 選老頂,选老顶,,,,,,,,,
坏孩子的天空 / キッズ・リターン,坏孩子的天空,8.4,39031,北野武,北野武,金子贤/安藤政信/石桥凌/森本治行/寺岛进/茂吕师冈/津田宽治/大杉涟/平泉成/森下能幸,剧情,日本,1996-07-27,107 分钟
站台,站台,8.2,30223,贾樟柯,贾樟柯,王宏伟/赵涛/梁景东/杨天乙/韩三明,剧情/历史,中国大陆/香港/日本/法国,2000-09-04(威尼斯电影节),154分钟/193分钟(威尼斯电影节)
风柜来的人 / 風櫃來的人,风柜来的人,8.3,16280,侯孝贤,朱天文,钮承泽/张世/庹宗华/林秀玲/杨丽音/张纯芳/陈博正,剧情,台湾,1983(台湾)/1990-07-21(日本),101分钟
恋恋风尘 / 戀戀風塵,恋恋风尘,8.5,34363,侯孝贤,吴念真/朱天文,李天禄/辛树芬/王晶文/柯宇纶,剧情/爱情,台湾,1987-09-13(多伦多电影节)/1987-10-15(香港),109分钟
小武,小武,8.3,52994,贾樟柯,贾樟柯,王宏伟/郝鸿建/左雯璐,剧情,香港/中国大陆,1998-02-18(柏林电影节),108分钟
光阴的故事 / 光陰的故事,光阴的故事,7.7,5149,杨德昌/柯一正/陶德辰/张毅,杨德昌/柯一正/陶德辰/张毅,张艾嘉/石安妮/李立群/张盈真/李国修/欧阳莎菲/蔡灿得/孙亚东,剧情,台湾,1982-08-28,106分钟(台湾)
青梅竹马 / 青梅竹馬,青梅竹马,7.8,2334,杨德昌,杨德昌/侯孝贤/朱天文,侯孝贤/蔡琴/柯一正/吴念真/杨丽音/柯素云,剧情,台湾,1985,110分钟
海滩的一天,海滩的一天,8.3,3312,杨德昌,杨德昌/吴念真,张艾嘉/胡因梦/徐明/李烈/毛学维,剧情/爱情,台湾,1983,166分钟
冬冬的假期,冬冬的假期,8.4,8439,侯孝贤,朱天文,梅芳/古军/王启光/颜正国/陈博正/杨丽音/林秀玲/李淑桢,剧情,台湾,1984,93分钟
麻将,麻将,8.5,19739,杨德昌,杨德昌,柯宇纶/张震/林海象/唐从圣/维吉妮·拉朵嫣/金燕玲/王启赞/吴念真/尼克·埃里克森/柯一正/王柏森/张国柱/吴家丽,剧情/喜剧,台湾,1996-12-07,121 分钟
恐怖分子 / 恐怖份子,恐怖分子,8.7,12536,杨德昌,杨德昌/小野,缪骞人/李立群/金士杰/顾宝明/王安/黄嘉晴,剧情,台湾,1986-12-19(台湾),109 分钟
独立时代 / 獨立時代,独立时代,8.8,14226,杨德昌,杨德昌,陈湘琪/王柏森/邓安宁/李芹/王维明/倪淑君/陈以文/金燕玲/金士杰,剧情,台湾,1994-09-12,125 分钟
青田街一号 / 青田街一號,青田街一号,6.4,1217,李中,李中/陈玉勋,张孝全/隋棠/万茜/杨雁雁/张少怀/高盟杰/曾珮瑜/许肇任/李冠毅/蔡明修,喜剧/惊悚/奇幻,台湾,2015-07-11(台北电影节)/2015-08-20(台湾),110分钟
X战警：天启 / X-Men: Apocalypse,X战警：天启,7.8,183385,布莱恩·辛格,布莱恩·辛格/迈克尔·道赫蒂/丹·哈里斯/西蒙·金伯格,詹姆斯·麦卡沃伊/迈克尔·法斯宾德/詹妮弗·劳伦斯/尼古拉斯·霍尔特/奥斯卡·伊萨克/萝丝·拜恩/埃文·彼得斯/休·杰克曼/乔什·赫尔曼/苏菲·特纳/泰伊·谢里丹/卢卡斯·提尔/柯蒂·斯密特-麦菲/本·哈迪/亚历山德拉·希普/陈东兰/奥立薇娅·玛恩,动作/科幻/奇幻/冒险,美国,2016-06-03(中国大陆)/2016-05-09(伦敦首映)/2016-05-27(美国),144分钟
房间 / Room,房间,8.8,129698,伦尼·阿伯拉罕森,艾玛·多诺霍,布丽·拉尔森/雅各布·特伦布莱/琼·艾伦/肖恩·布里吉格斯/威廉姆·H·梅西/梅根·帕克/阿曼达·布鲁盖尔/卡斯·安瓦尔/乔·平格/温迪·古逊/兰道尔·爱德华/杰克·富尔顿/汤姆·麦卡穆斯,剧情/家庭,爱尔兰/加拿大,2015-09-04(特柳赖德电影节)/2016-01-15(爱尔兰),118分钟
山河故人,山河故人,7.8,108906,贾樟柯,贾樟柯,赵涛/张译/梁景东/董子健/张艾嘉/荣梓杉/梁永浩/刘陆/原文倩,剧情/家庭,中国大陆/法国/日本,2015-10-30(中国大陆)/2015-05-20(戛纳电影节),126分钟(中国大陆)/131分钟(法国)
重力小丑 / 重力ピエロ,重力小丑,8.1,12118,森淳一,相泽友子/伊坂幸太郎,加濑亮/冈田将生/小日向文世/吉高由里子/渡部笃郎/冈田义德/铃木京香,剧情,日本,2009-05-23,
枪声俱乐部 / The Bang Bang Club,枪声俱乐部,8.1,2071,Steven Silver,,瑞恩·菲利普/玛琳·阿克曼/泰勒·克奇/Neels Van Jaarsveld/Frank Rautenbach/Nina Milner/杰西卡·海恩斯/Patrick Shai/帕特里克·雷斯特,剧情,加拿大/南非,2009,107分钟
赛德克·巴莱 / 賽德克·巴萊,赛德克·巴莱,8.7,91126,魏德圣,魏德圣,林庆台/马志翔/安藤政信/河原萨布/徐诣帆/温岚/罗美玲/徐若瑄/游大庆/林源杰,剧情/历史/战争,台湾,2012-05-10(中国大陆),153分钟(中国大陆/国际版)
邋遢大王奇遇记,邋遢大王奇遇记,8.1,6498,钱运达/阎善春,凌纾,范楚绒/谢添天/罗玉婷/王肖兵/符冲,动画/儿童,中国大陆,2012-08-17(中国大陆),86分钟
垫底辣妹 / ビリギャル,垫底辣妹,8.1,133086,土井裕泰,桥本裕志/坪田信贵,有村架纯/伊藤淳史/吉田羊/田中哲司/野村周平/安田显/阿部菜渚美/中村靖日/矢岛健一/峰村理惠,剧情/家庭,日本,2016-04-14(中国大陆)/2015-05-01(日本),117分钟
危楼愚夫 / Дурак,危楼愚夫,8.4,18347,尤里·贝科夫,尤里·贝科夫,Artyom Bystrov/娜塔丽亚·苏尔科娃/Yury Tsurilo/Boris Nevzorov/Kirill Polukhin/亚力山大·卡尔索诺夫/Olga Samoshina/Darya Moroz/Sergey Artsybashev/艾琳娜·帕诺娃/Dmitry Kulichkov/Ilya Isaev/Maxim Pinsker/Lyubov Rudenko,剧情,俄罗斯,2014-08-09(洛迦诺电影节),116分钟
老兵,老兵,8.5,1478,何一铮,何一铮,金士杰/陈强华,剧情,中国大陆,2015-09-01(中国大陆),52分钟
掟上今日子的备忘录 / 掟上今日子の備忘録,掟上今日子的备忘录,8.3,14291,佐藤东弥,西尾维新/野木亚纪子,新垣结衣/冈田将生/及川光博/有冈大贵/内田理央/中越典子/雾岛丽香/蕨野友也/三宅弘城/上野夏妃/神保悟志/映美藏良/堀井新太/笃海/工藤俊作/冈村优/相岛一之/小松利昌/恩田括/山田明乡/高木星来/入山法子/浅见姬香/冈山一/高桥亚由美/森冈丰/手岛优/石田光/远山俊也/要润,剧情/悬疑,日本,,
为了N / Nのために,为了N,8.8,33826,冢原亚由子/山本刚义/阿南昭宏,凑佳苗/奥寺佐渡子,荣仓奈奈/洼田正孝/贺来贤人/小出惠介/三浦友和/小西真奈美/德井义实/原日出子/柴本幸/茂吕师冈/美保纯/光石研/山本未来/叶山奖之/织本顺吉/中越典子,剧情/悬疑,日本,,
别让我走 / わたしを離さないで,别让我走,8.0,7864,吉田健/山本剛義/平川雄一朗,石黑一雄/森下佳子,绫濑遥/三浦春马/水川麻美/铃木梨央/中川翼/瑞城さくら/真飞圣/伊藤步/甲本雅裕/麻生祐未,悬疑/惊悚,日本,,
东野圭吾 悬疑故事 / 東野圭吾ミステリーズ,东野圭吾 悬疑故事,7.0,17515,河毛俊作/河野圭太/川村泰祐/小林义则/石井克人/泽田镰作/林彻/宫本理江子/村上正典,高橋幹子/坂口理子/森ハヤシ/ひかわかよ/东野圭吾,中井贵一/唐泽寿明/坂口宪二/松下奈绪/观月亚理莎/反町隆史/长泽雅美/户田惠梨香/三浦春马/广末凉子/筱原凉子/铃木京香,剧情/悬疑,日本,,
魔王,魔王,8.1,14112,加藤新/片山刚/坪井敏雄,前川洋一/西田征史,大野智/生田斗真/小林凉子/田中圭/忍成修吾/上原美佐/吉濑美智子,剧情/悬疑/犯罪,日本,,
我们与驻在先生的700日战争 / ぼくたちと駐在さんの700日戦争,我们与驻在先生的700日战争,8.2,6996,塚本连平,福田雄一,市原隼人/佐佐木藏之介/麻生久美子/加治将树/石田卓也/竹中直人/贺来贤人/胁知弘/小柳友/冨浦智嗣/坂井真纪/石野真子/仓科加奈,喜剧,日本,2008-04-05,110分钟
自恋刑警 / うぬぼれ刑事,自恋刑警,7.9,20201,宫藤官九郎/吉田健/土井裕泰/金子文纪,宫藤官九郎,长濑智也/生田斗真/中岛美嘉/荒川良良/要润/坂东三津五郎/西田敏行/药师丸博子/小泉今日子,喜剧,日本,,
有顶天酒店 / THE 有頂天ホテル,有顶天酒店,7.9,9434,三谷幸喜,三谷幸喜,役所广司/松隆子/佐藤浩市/香取慎吾/筱原凉子/户田惠子/生濑胜久/麻生久美子/唐泽寿明/江原由希子/小田切让/角野卓造/津川雅彦/西田敏行/伊东四朗/堀内敬子/石井正则/不破万作/相岛一之/饭田基祐/田中直树/原田美枝子/近藤芳正/寺岛进,剧情/喜剧/爱情,日本,2006-01-14(日本),136 分钟(日本)
土拨鼠之日 / Groundhog Day,土拨鼠之日,8.5,58369,哈罗德·雷米斯,哈罗德·雷米斯/丹尼·鲁宾,比尔·默瑞/安迪·麦克道威尔/克里斯·艾略特/斯蒂芬·托布罗斯基/布赖恩·道尔/瑞克·欧弗顿/威利·加森/安吉拉·佩顿/里克·杜科蒙/罗宾·杜克/肯·哈德森·坎贝尔/莱斯·波德威尔,剧情/喜剧/爱情/奇幻,美国,1993-02-12(美国),101分钟
我只是还没有全力以赴 / 俺はまだ本気出してないだけ,我只是还没有全力以赴,7.4,7027,福田雄一,福田雄一,堤真一/桥本爱/生濑胜久/山田孝之/滨田岳/石桥莲司/指原莉乃/水野美纪,剧情/喜剧,日本,2013-06-15(日本),105分钟
啄木鸟和雨 / キツツキと雨,啄木鸟和雨,7.8,5604,冲田修一,冲田修一,役所广司/小栗旬/高良健吾/臼田麻美/伊武雅刀/山崎努,喜剧,日本,2012-02-11(日本),129分钟
月球 / Moon,月球,8.5,131869,邓肯·琼斯,邓肯·琼斯/内森·帕克,山姆·洛克威尔/凯文·史派西/多米妮克·麦克艾丽戈特/卡雅·斯考达里奥/本尼迪克特·王/马特·贝里/马尔科姆·斯图尔特/罗宾·查克,剧情/科幻/悬疑,英国,2009-07-17,97 分钟
心迷宫,心迷宫,8.6,141094,忻钰坤,忻钰坤/冯元良/鲁妮凡,霍卫民/王笑天/罗芸/杨瑜珍/孙黎/邵胜杰/曹西安/贾致钢/朱自清/王梓尘/赵梓彤/贾世忠/袁满/陈梅生/张艺骞/张景素/平坦/金子/张建军,剧情/悬疑/犯罪,中国大陆,2015-10-16(中国大陆)/2014-07-21(FIRST青年影展)/2014-08-24(威尼斯电影节),110分钟(中国大陆)/119分钟(威尼斯电影节)
广播时间 / ラヂオの時間,广播时间,8.6,7239,三谷幸喜,三谷幸喜,西村雅彦/铃木京香/唐泽寿明/户田惠子/井上顺/细川俊之/奥贯薫/梶原善/茂吕师冈/近藤芳正/布施明/藤村俊二/并木史郎/田口浩正/梅野泰靖/渡边谦,喜剧,日本,1997-11-08,103分钟
如月疑云 / キサラギ,如月疑云,8.0,31471,佐藤祐市,古泽良太,小栗旬/中山裕介/小出惠介/塚地武雅/香川照之,喜剧/悬疑,日本,2007-06-16,108分钟(日本)
温柔时刻 / 優しい時間,温柔时刻,9.0,7695,田岛大辅/宫本理江子/西浦正记,仓本聪/Akio Kobayashi/Akihiro Tago/吉田纪子,寺尾聪/二宫和也/长泽雅美/清水美沙/磨赤儿/余贵美子/大竹忍/朝加真由美/布施博/池田努/梶原善/木村多江/北岛三郎/小日向文世/小泉今日子,剧情/家庭,日本,,
异度空间 / 異度空間,异度空间,7.4,55132,罗志良,尔冬升/罗志良/杨倩玲,张国荣/林嘉欣/李子雄/周嘉玲/徐少强/潘美琪,剧情/恐怖,香港,2005-03-25(中国大陆)/2002-03-28(香港),100 分钟
忠奸人 / Donnie Brasco,忠奸人,8.1,29735,迈克·内威尔,保罗·阿塔那斯奥,阿尔·帕西诺/约翰尼·德普/迈克尔·马德森/布鲁诺·柯比/詹姆斯·拉索/安·海切/保罗·吉亚玛提,剧情/惊悚/犯罪,美国,1997-02-28,127 分钟/147 分钟(extended cut)
暗金丑岛君 第一季 / 闇金ウシジマくん,暗金丑岛君 第一季,8.4,5931,山口雅俊/川村泰祐,福间正浩/山口雅俊/真锅昌平,山田孝之/片濑那奈/矢部享佑/崎本大海/横山美雪/希崎·杰西卡/林遣都/天海翼,剧情,日本,,
第二爱情 / セカンド・ラブ,第二爱情,6.5,7010,塚原あゆ子,大石静,龟梨和也/深田恭子/早见明里/小芝风花/大貫勇輔/秋山菜津子/寺岛进/麻生祐未/生濑胜久,爱情,日本,,
怪奇恋爱作战 / 怪奇恋愛作戦,怪奇恋爱作战,8.0,1280,ケラリーノ・サンドロヴィッチ/白石和彌/濱谷晃一,小林一三/関谷崇/田中眞一/小峯裕之,麻生久美子/坂井真纪/绪川玉木/仲村亨/犬山イヌコ/山西惇/水澤紳吾/今野鲇莉/池谷伸枝/岩崎う大/槇尾ユウスケ/大仓孝二/松井健太,剧情/喜剧/爱情,日本,,
无间双龙：这份爱，才是正义 / ウロボロス～この愛こそ、正義。,无间双龙：这份爱，才是正义,8.2,37873,石井康晴,古家和尚,生田斗真/小栗旬/上野树里/吉田羊/泷藤贤一/室毅/清野菜名/武田久美子/光石研/吉田钢太郎/中村桥之助/广末凉子/茂吕师冈/山口祥行/滨田学/森下能幸/水野智则/山田望叶/中村苍/尾上松也/冈本玲/山本学/北村有起哉/大地康雄/笠原秀幸/野村将希/高桥惠子/中野裕太/绫野刚/藤浦惠,剧情,日本,,
童年往事,童年往事,8.8,20067,侯孝贤,朱天文/侯孝贤,游安顺/田丰/梅芳/唐如韫/萧艾/吴素莹/陈淑芳/辛树芬/严圣华/周栋宏/陈汉文/胡翔评/林崇文/高重黎/陶德辰/陈志贞/江宝德/张寧/罗泽中/罗诚业/张家宝/罗勋琳/刘国宾,剧情/家庭/传记,台湾,1985-08-03(台湾),137分钟
大红灯笼高高挂,大红灯笼高高挂,8.3,90022,张艺谋,倪震/苏童,巩俐/马精武/何赛飞/曹翠芬/周琦/孔琳/金淑媛/丁惟敏/初晓,剧情/爱情/历史,中国大陆/香港/台湾,1991-09-10(威尼斯电影节/多伦多电影节),125 分钟
东京物语 / 東京物語,东京物语,9.2,46135,小津安二郎,野田高梧/小津安二郎,笠智众/原节子/杉村春子/东山千荣子/山村聪/香川京子,剧情/家庭,日本,1953-11-03,136 分钟
枪王 / 鎗王,枪王,8.1,30657,罗志良,罗志良/杨倩玲/李厚颀/杨展鸿,张国荣/方中信/黄卓玲/陈法蓉/谷德昭/陈望华,动作/惊悚/犯罪,香港,2000-05-27(香港),96 分钟/89 分钟(美国)
祖与占 / Jules et Jim,祖与占,8.4,19495,弗朗索瓦·特吕弗,弗朗索瓦·特吕弗/让·格鲁沃尔/昂利-皮埃尔·罗歇,让娜·莫罗/奥斯卡·威内尔/亨利·赛尔,剧情/爱情,法国,1962-01-23(法国),105分钟
爆裂鼓手 / Whiplash,爆裂鼓手,8.6,215594,达米恩·查泽雷,达米恩·查泽雷,迈尔斯·特勒/J·K·西蒙斯/保罗·雷瑟/梅莉莎·班诺伊/奥斯汀·斯托维尔/克里斯·马尔基/马科斯·卡锡/杰森·布莱尔/科菲·斯里博伊,剧情/音乐,美国,2014-10-10(美国),107分钟
天使爱美丽 / Le fabuleux destin d'Amélie Poulain,天使爱美丽,8.7,466143,让-皮埃尔·热内,纪尧姆·洛朗/让-皮埃尔·热内,奥黛丽·塔图/马修·卡索维茨/吕费斯/洛莱拉·克拉沃塔/塞尔日·梅兰/贾梅尔·杜布兹/克洛蒂尔德·莫勒/克莱尔·莫里耶/伊莎贝尔·南蒂/多米尼克·皮侬/艾特·迪·彭吉云/友兰达·梦露/于尔班·康塞利埃/莫里斯·贝尼舒/米歇尔·罗班/安德烈·达芒/克洛德·佩隆/阿尔梅尔/迪基·奥尔加多/Kevin Fernandes/弗洛拉·吉耶/阿莫里·巴博尔/欧仁·贝蒂埃/让·达里/马克·阿米约,喜剧/爱情,法国/德国,2001-04-25(法国)/2001-08-16(德国),122分钟/129分钟(法国)
帕丁顿熊 / Paddington,帕丁顿熊,7.6,98494,保罗·金,保罗·金/哈密斯·麦克尔/迈克尔·邦德,本·卫肖/妮可·基德曼/休·博内威利/莎莉·霍金斯/朱丽·沃特斯/吉姆·布劳德本特/彼得·卡帕尔蒂/杰弗里·帕尔默/蒂姆·唐尼/艾美达·斯丹顿/迈克尔·刚本/马德琳·哈里斯/萨缪尔·乔斯林/迈克尔·邦德/马特·卢卡斯,喜剧/家庭,英国/法国,2015-03-05(中国大陆)/2014-11-23(伦敦首映)/2014-11-28(英国),95分钟
冬春的日子,冬春的日子,7.5,4272,王小帅,王小帅,刘小东/喻红/娄烨,剧情/爱情,中国大陆,1994-02-19,80分钟
春风沉醉的夜晚,春风沉醉的夜晚,,,,,,,,,
苏州河,苏州河,7.8,87757,娄烨,娄烨,周迅/贾宏声/华仲凯/姚安濂/耐安,剧情/爱情,中国/德国,2000-09-07(香港),83 分钟
蓝色茉莉 / Blue Jasmine,蓝色茉莉,7.9,84877,伍迪·艾伦,伍迪·艾伦,凯特·布兰切特/莎莉·霍金斯/亚历克·鲍德温/安德鲁·戴斯·克雷/鲍比·坎纳瓦尔/路易·C·K/彼得·萨斯加德/阿尔登·埃伦瑞奇/迈克尔·斯图巴,剧情/家庭,美国,2013-07-26(纽约首映/美国),98分钟
互联网之子 / The Internet's Own Boy: The Story of Aaron Swartz,互联网之子,9.1,8116,布莱恩·耐本伯格,布莱恩·耐本伯格,亚伦·斯沃茨/蒂姆·伯纳斯-李/科利·多克托罗/彼得·艾克斯莱/劳伦斯·莱斯格/戴维·西格尔/戴维·西罗塔/塔伦·斯蒂伯里克纳-考夫曼/马特·斯托勒/埃沃·蒂姆/本·威克勒/罗恩·怀登,纪录片/传记/犯罪,美国,2014-01-20(圣丹斯电影节)/2014-06-27(网络),105分钟
推手,推手,8.4,59764,李安,李安,郎雄/王莱/王伯昭/Deb Snyder/李涵,剧情/家庭,台湾/美国,1991-12-07(金马影展),105 分钟
不一样的天空 / What's Eating Gilbert Grape,不一样的天空,8.6,77861,拉斯·霍尔斯道姆,皮特·海格斯,约翰尼·德普/莱昂纳多·迪卡普里奥/朱丽叶特·刘易斯/玛丽·斯汀伯根/达尔莱尼·凯茨/马里·凯特·舒切尔哈德特/凯文·泰德/约翰·C·赖利/克里斯平·格洛弗/劳拉·哈灵顿/Tim Green,剧情/爱情/家庭,美国,1993-12-17(美国),118分钟
和莎莫的500天 / (500) Days of Summer,和莎莫的500天,8.0,296984,马克·韦布,斯科特·纽斯塔德/迈克尔·H·韦伯,约瑟夫·高登-莱维特/佐伊·丹斯切尔/吉奥弗瑞·阿伦德/科洛·莫瑞兹/马修·格雷·古柏勒/克拉克·格雷格/帕特里夏·贝尔彻/瑞秋·波士顿/敏卡·凯利/Charles Walker/伊安·瑞德·科斯勒/维勒特·罗德里格斯/伊薇特·尼科尔·布朗/Nicole Vicius,剧情/喜剧/爱情,美国,2009-01-17(圣丹斯电影节)/2009-08-07(美国),95分钟
为什么贫穷？ / Why Poverty?,为什么贫穷？,9.1,2235,Brian Hill/Ben Lewis/陈为军/Alex Gibney/Hugo Berkeley/Osvalde Lewat/Bosse Lindquist/Mona Eldaief/Jehane Noujaim/Christoffer Guldbrandsen,,Abu Badr/Umm Badr/Raouf Dabbas,纪录片,丹麦/英国,,
一天 / 하루,一天,6.7,3589,朴明千,李正雅,金汎/郑允浩/韩彩英/朴施厚/大成/李昇炫/崔胜铉/李多海/权志龙/东永裴,爱情/短片,韩国,2010-09-24(韩国),34分钟
同窗 / 동창생,同窗,6.6,9876,朴信宇,崔胜铉,崔胜铉/韩艺礼/金裕贞/赵成夏,剧情/动作,韩国,2013-11-06(韩国),113分钟
再次出发之纽约遇见你 / Begin Again,再次出发之纽约遇见你,8.5,150971,约翰·卡尼,约翰·卡尼,凯拉·奈特莉/马克·鲁弗洛/詹姆斯·柯登/海莉·斯坦菲尔德/亚当·莱文/凯瑟琳·基纳/茅斯·达夫/罗伯·莫洛/席洛·格林,喜剧/爱情/音乐,美国,2015-06-26(中国大陆)/2013-09-07(多伦多电影节)/2014-07-11(美国),104分钟
囚徒 / Prisoners,囚徒,8.0,55072,丹尼斯·维伦纽瓦,亚伦·格兹考斯基,休·杰克曼/杰克·吉伦哈尔/维奥拉·戴维斯/玛丽亚·贝罗/泰伦斯·霍华德/梅丽莎·里奥/保罗·达诺/迪兰·明奈特/艾琳·格拉西莫维奇/韦恩·杜瓦尔/兰·卡琉/大卫·达斯马齐连/布拉德·詹姆斯/安东尼·雷诺兹,剧情/悬疑/犯罪,美国,2013-09-20(美国),153分钟
偷,偷,,,,,,,,,
碧海蓝天 / Le grand bleu,碧海蓝天,8.7,103729,吕克·贝松,吕克·贝松/Robert Garland/Marilyn Goldin/雅克·梅欧/Marc Perrier,让-马克·巴尔/让·雷诺/罗姗娜·阿奎特,剧情/爱情,法国/美国/意大利,1988-05-11(法国),132分钟(法国)/168分钟(导演剪辑版)
死亡诗社 / Dead Poets Society,死亡诗社,8.9,265007,彼得·威尔,汤姆·舒尔曼,罗宾·威廉姆斯/罗伯特·肖恩·莱纳德/伊桑·霍克/乔西·查尔斯/盖尔·汉森/迪伦·库斯曼/阿勒隆·鲁杰罗/詹姆斯·沃特斯顿/诺曼·劳埃德/柯特伍德·史密斯/卡拉·贝尔韦尔/利昂·波纳尔/乔治·马丁/乔·奥菲耶里/马特·凯里,剧情,美国,1989-06-02(多伦多首映)/1989-06-09(美国),128 分钟
X战警：逆转未来 / X-Men: Days of Future Past,X战警：逆转未来,8.2,239883,布莱恩·辛格,西蒙·金伯格/简·古德曼/马修·沃恩,休·杰克曼/詹姆斯·麦卡沃伊/迈克尔·法斯宾德/詹妮弗·劳伦斯/哈莉·贝瑞/尼古拉斯·霍尔特/埃文·彼得斯/伊恩·麦克莱恩/帕特里克·斯图尔特/艾伦·佩吉/安娜·帕奎因/彼特·丁克拉奇/肖恩·阿什莫/卢卡斯·提尔/丹尼尔·库德摩尔/波波·斯图尔特/奥玛·赛/范冰冰/阿丹·坎托/乔什·赫尔曼,动作/科幻/冒险,美国/英国,2014-05-23(美国/中国大陆),131分钟(美国)/149分钟(加长版)
钢铁侠3 / Iron Man 3,钢铁侠3,7.5,198074,沙恩·布莱克,沙恩·布莱克/德鲁·皮尔斯/斯坦·李/唐·赫克/拉里·利伯/杰克·科比,小罗伯特·唐尼/盖·皮尔斯/格温妮斯·帕特洛/本·金斯利/唐·钱德尔/保罗·贝坦尼/丽贝卡·豪尔/乔恩·费儒/威廉姆·赛德勒/詹姆斯·戴尔/伊芳·齐玛/泰·辛普金斯/阿什利·汉弥尔顿/王学圻/范冰冰,动作/科幻,美国/中国大陆,2013-05-01(中国大陆)/2013-04-18(伦敦首映)/2013-05-03(美国),134分钟(中国大陆)/130分钟(美国)
半泽直树 / 半沢直樹,半泽直树,9.1,108724,福泽克雄/棚泽孝义/田中健太,八津弘幸/池井戸潤(原作),堺雅人/上户彩/香川照之/及川光博/片冈爱之助/泷藤贤一/中岛裕翔/宫川一朗太/森田順平/志垣太郎/须田邦裕/茂吕师冈/绯田康人/宇梶刚士/坛蜜/赤井英和/山崎直子/石黑英雄/中岛博子/永冈佑/石丸干二/笑福亭鹤瓶/北大路欣也/中岛凯斗,剧情,日本,,
胜者即是正义 / リーガル・ハイ,胜者即是正义,9.3,124880,石川淳一/城宝秀则,古泽良太,堺雅人/新垣结衣/生濑胜久/小池荣子/里见浩太朗/矢野圣人/田口淳之介/中村苍/正名仆蔵/六角慎司/波瑠/津村知与支/中原丈雄/福田沙纪/野添义弘/鹤见辰吾/洼田正孝/小出早织/友近/永山绚斗/原田夏希/东根作寿英/阿知波悟美/载宁龙二/大和田伸也/村井美树/德井优/江守彻/津田宽治/户田昌宏/春木美沙代/铃木京香/铃木一真/青山伦子/皆川猿时/宍户美和公/丸山智己/木南晴夏/伊吹吾郎/山谷初男/中村敦夫/吉川爱/小泽真珠/冈山一/坂口涌久/丹古母鬼马二/千叶雅子/左时枝/二瓶鲛一/田村泰二郎/横内正/西原亚希/坂田雅信/神保悟志/田畑智子/东干久/近江谷太朗/榊英雄/小野惠令奈,剧情/喜剧/犯罪,日本,,
真探 第一季 / True Detective Season 1,真探 第一季,9.2,58096,凯瑞·福永,尼克·皮佐拉托,马修·麦康纳/伍迪·哈里森/米歇尔·莫纳汉/托利·基特尔斯/亚历珊德拉·达达里奥/迈克尔·波茨/麦迪逊·沃尔夫/J·D·埃弗摩尔/丹娜·格瑞尔,剧情/悬疑/犯罪,美国,,
爱神 / Eros,爱神,7.3,17898,王家卫/米开朗基罗·安东尼奥尼/史蒂文·索德伯格,王家卫/米开朗基罗·安东尼奥尼/托尼诺·格拉/史蒂文·索德伯格,巩俐/张震/Christopher Buchholz/Regina Nemni/路易莎·拉涅瑞/小罗伯特·唐尼/艾伦·阿金/艾利·凯特斯,剧情/爱情/情色,意大利/香港/美国/法国/卢森堡/英国,2004-12-03(意大利)/2005-05-12(香港),104分钟
蓝莓之夜 / My Blueberry Nights,蓝莓之夜,7.6,107320,王家卫,王家卫/劳伦斯·布洛克,诺拉·琼斯/裘德·洛/娜塔莉·波特曼/蕾切尔·薇兹/大卫·斯特雷泽恩/Katya Blumenberg/Chad R. Davis/Demetrius Butler/猫女魔力/本杰明·凯恩,剧情/爱情,中国大陆/香港/法国,2007-12-22(中国大陆)/2007-05-16(戛纳电影节)/2007-11-28(法国)/2008-01-03(香港),95 分钟
2046,2046,7.4,118438,王家卫,王家卫,梁朝伟/章子怡/王菲/木村拓哉/巩俐/刘嘉玲/张震/张曼玉/董洁/Thongchai McIntyre/萧炳林/吴廷烨/张睿羚,剧情/爱情/科幻/奇幻,香港/中国大陆/法国/意大利/德国,2004-09-28(中国大陆)/2004-05-20(戛纳电影节)/2004-09-29(香港),129 分钟
一级恐惧 / Primal Fear,一级恐惧,8.4,82127,格里高利·霍布里特,斯蒂夫·沙甘/安·白德曼,理查·基尔/劳拉·琳妮/约翰·马奥尼/阿尔法·伍达德/弗兰西斯·麦克多蒙德/爱德华·诺顿/特瑞·欧奎恩/安德鲁·布劳尔/斯蒂文·鲍尔/乔·斯帕诺/托尼·普拉纳/斯坦利·安德森/毛拉·蒂尔内/乔恩·塞达/瑞格·罗杰斯,剧情/悬疑/惊悚/犯罪,美国,1996-04-03(美国),129 分钟
惊魂记 / Psycho,惊魂记,8.8,75284,阿尔弗雷德·希区柯克,约瑟夫·斯蒂凡诺/罗伯特·布洛克,珍妮特·利/安东尼·博金斯/维拉·迈尔斯/马丁·鲍尔萨姆/约翰·加文,悬疑/恐怖,美国,1960-06-16(纽约首映)/1960-09-08(美国),109分钟
穆赫兰道 / Mulholland Dr.,穆赫兰道,8.3,217170,大卫·林奇,大卫·林奇,娜奥米·沃茨/劳拉·哈灵/安·米勒/贾斯汀·塞洛克斯/斯科特·科菲/梅利莎·乔治/布兰特·布里斯科/罗伯特·福斯特/凯瑟琳·汤/李·格兰特/比利·雷·赛勒斯/查德·艾微特/丽塔·塔格特/詹姆斯·凯伦/洛里·海瑞/安琪洛·巴达拉曼提/迈克尔·德·巴雷斯/马库斯·格雷厄姆/丹·哈达亚/马克·佩雷格里诺/蒙蒂·蒙特格美里/迈克尔·J·安德森,剧情/悬疑/惊悚,法国/美国,2001-05-16(戛纳电影节)/2001-10-12(美国)/2001-11-21(法国),147分钟
编舟记 / 舟を編む,编舟记,8.5,37731,石井裕也,渡边谦作/三浦紫苑,松田龙平/宫崎葵/小田切让/黑木华/渡边美佐子/池胁千鹤/鹤见辰吾/伊佐山博子/八千草薰/小林薰/加藤刚/麻生久美子/波冈一喜/森冈龙,剧情,日本,2013-04-13(日本),134分钟
萤之光2 / ホタルノヒカリ2,萤之光2,8.2,23738,吉野洋/南云圣一/石尾純,水橋文美江,绫濑遥/藤木直人/板谷由夏/臼田麻美/向井理/石井萌萌果/中别府葵/木村多江/市川知宏/安田显,剧情/喜剧/爱情,日本,,
八月：奥色治郡 / August: Osage County,八月：奥色治郡,8.0,27755,约翰·威尔斯,崔西·莱茨,朱莉娅·罗伯茨/梅丽尔·斯特里普/伊万·麦克格雷格/克里斯·库珀/阿比盖尔·布蕾斯琳/本尼迪克特·康伯巴奇/朱丽叶特·刘易斯/玛格·马丁戴尔/德蒙特·莫罗尼/朱丽安妮·尼科尔森/山姆·夏普德/米丝蒂·阿哈姆,剧情,美国,2013-12-27(美国),121分钟
皱纹 / Arrugas,皱纹,8.6,3985,伊格纳希奥·法雷拉斯,Ángel de la Cruz/Paco Roca,Tacho González/Álvaro Guevara/玛贝尔·里维拉/Raúl Dans/Montse Davila/Charo Díaz,剧情/动画,西班牙,2012-01-27(西班牙),89分钟
复仇者联盟 / The Avengers,复仇者联盟,8.0,303244,乔斯·韦登,乔斯·韦登/扎克·佩恩,小罗伯特·唐尼/克里斯·埃文斯/斯嘉丽·约翰逊/克里斯·海姆斯沃斯/杰瑞米·雷纳/马克·鲁弗洛/塞缪尔·杰克逊/汤姆·希德勒斯顿/斯特兰·斯卡斯加德/寇碧·史莫德斯/克拉克·格雷格/保罗·贝坦尼/格温妮斯·帕特洛,动作/科幻/奇幻/冒险,美国,2012-05-05(中国大陆)/2012-05-04(美国),142分钟
云图 / Cloud Atlas,云图,8.0,263194,汤姆·提克威/拉娜·沃卓斯基/莉莉·沃卓斯基,汤姆·提克威/莉莉·沃卓斯基/拉娜·沃卓斯基,汤姆·汉克斯/哈莉·贝瑞/吉姆·布劳德本特/雨果·维文/吉姆·斯特吉斯/裴斗娜/本·卫肖/詹姆斯·达西/周迅/凯斯·大卫/大卫·吉雅西/苏珊·萨兰登/休·格兰特,剧情/科幻/悬疑,德国/美国/香港/中国大陆/新加坡,2013-01-31(中国大陆)/2012-10-26(美国),134分钟(中国大陆)/172分钟(美国)
战马 / War Horse,战马,8.0,151391,史蒂文·斯皮尔伯格,李·哈尔/理查德·柯蒂斯,杰瑞米·艾文/彼得·穆兰/艾米丽·沃森/本尼迪克特·康伯巴奇/汤姆·希德勒斯顿/大卫·休里斯/尼尔斯·阿莱斯楚普/席琳·邦金斯/大卫·克劳斯/托比·凯贝尔/帕特里克·肯尼迪,剧情/战争,美国,2012-02-28(中国大陆)/2011-12-25(美国),146分钟
追随 / Following,追随,8.9,74032,克里斯托弗·诺兰,克里斯托弗·诺兰,杰里米·西奥伯德/亚历克斯·霍/露西·拉塞尔/约翰·诺兰/Dick Bradsell/Gillian El-Kadi/詹妮弗·安格/Nicolas Carlotti/Darren Ormandy/盖·格林威/Tassos Stevens/Tristan Martin/瑞贝卡·詹姆斯/保罗·曼森/David Bovill,悬疑/惊悚/犯罪,英国,1998-09-12(多伦多电影节)/1999-11-05(英国),70分钟
魔力月光 / Magic in the Moonlight,魔力月光,7.1,24682,伍迪·艾伦,伍迪·艾伦,艾玛·斯通/科林·费尔斯/马西娅·盖伊·哈登/杰基·韦佛/哈米什·林克莱特/艾琳·阿特金斯,喜剧/爱情,美国,2014-07-25(美国),97分钟
渴望 / 渇き。,渴望,6.4,10377,中岛哲也,中岛哲也/门间宣裕/唯野未步子/深町秋生,役所广司/小松菜奈/妻夫木聪/清水寻也/二阶堂富美/桥本爱/高杉真宙/星野仁/森川葵/国村隼/黑泽明日香/青木崇高/小田切让/中谷美纪,悬疑,日本,2014-06-27(日本),118分钟
如父如子 / そして父になる,如父如子,8.3,47797,是枝裕和,是枝裕和,福山雅治/尾野真千子/真木阳子/中川雅也/风吹淳/国村隼/树木希林/夏八木勋/井浦新/二宫庆多/黄升炫,剧情/家庭,日本,2013-09-28(日本),120分钟
温柔杀戮 / Killing Them Softly,温柔杀戮,6.0,9219,安德鲁·多米尼克,安德鲁·多米尼克,布拉德·皮特/斯科特·麦克纳里/本·门德尔森/詹姆斯·甘多菲尼/文森特·库拉托拉/理查德·詹金斯/雷·利奥塔,剧情/惊悚/犯罪,美国,2012-05-22(戛纳电影节)/2012-11-30(美国),97分钟
世界奇妙物语 2014年秋之特别篇 / 世にも奇妙な物語 '14秋の特別編,世界奇妙物语 2014年秋之特别篇,6.7,5584,前田司郎/松木創/後藤庸介/村上正典/岩田和行,前田司郎/守口悠介/大野敏哉/山岡潤平/高山直也/藤子·F·不二雄/筒井康隆,户田惠梨香/平山浩行/多部未华子/马场彻/吉田钢太郎/神木隆之介/若村麻由美/仲村亨/音尾琢真/浜川文美江/大久保佳代子/岸井雪乃/真剣佑/宮根誠司/宅间孝行,剧情/科幻/悬疑/惊悚/奇幻,日本,2014-10-18(日本),107分钟
春光乍泄 / 春光乍洩,春光乍泄,8.8,230112,王家卫,王家卫,张国荣/梁朝伟/张震,剧情/爱情/同性,香港/日本/韩国,1997-05-30,96分钟
小小的家 / 小さいおうち,小小的家,8.1,10381,山田洋次,山田洋次/平松惠美子/中岛京子,松隆子/倍赏千惠子/黑木华/片冈孝太郎/吉冈秀隆/妻夫木聪/夏川结衣/吉行和子/林家正蔵/桥爪功/室井滋/笹野高史/萤雪次朗,剧情/爱情/家庭/传记/历史,日本,2014-01-25(日本),136分钟
温哥华的朝日 / バンクーバーの朝日,温哥华的朝日,6.6,792,石井裕也,奥寺佐渡子,妻夫木聪/龟梨和也/胜地凉/上地雄辅/池松壮亮/佐藤浩市/高畑充希/宫崎葵/贯地谷诗穗梨/石田惠理/中山裕介/鹤见辰吾/本上真奈美/光石研/田口智朗/岩松了/大杉涟,剧情,日本,2014-12-20(日本),132分钟
一步之遥,一步之遥,6.3,170433,姜文,姜文/郭俊立/王朔/廖一梅/述平/阎云飞/孙悦/孙睿/于彦琳,姜文/葛优/周韵/舒淇/文章/王志文/洪晃/刘利年/那英/刘索拉/牛犇/姜洪齐,喜剧/爱情/冒险,中国大陆/美国/香港,2014-12-18(中国大陆),140分钟
有一天,有一天,7.4,5393,李睿珺/易小星/田原/王大庆/刘勇宏/杜波/佟志坚/姜颖/杨智麟,杜波/张冀/李睿珺/钱添添,周迅/韩庚/冯绍峰/袁姗姗/张涵予/安以轩/徐帆/斯琴高娃/王千源/熊乃瑾/咏梅/冯嘉怡,剧情/儿童,中国大陆,2014-09-10(中国大陆),92分钟
看见台湾 / 看見台灣,看见台湾,7.6,7362,齐柏林,崔企川,吴念真,纪录片,台湾,2013-11-01(台湾),93分钟
法官老爹 / The Judge,法官老爹,7.8,31485,大卫·道金,尼克·申克/比尔·迪比克/大卫·道金,小罗伯特·唐尼/罗伯特·杜瓦尔/维拉·法米加/莉顿·梅斯特/文森特·多诺费奥/比利·鲍伯·松顿/莎拉·兰卡斯特/戴克斯·夏普德/大卫·克鲁霍尔特兹/艾玛·特伦布莱/巴萨扎·盖提/伊恩·尼尔森/格蕾丝·扎布里斯基/肯·霍华德,剧情,美国,2014-09-04(多伦多电影节)/2014-10-10(美国),141分钟
折翼的天使们 / 翼の折れた天使たち,折翼的天使们,7.9,7905,木下高男/岩田和行/平井秀树,Yoshi,上户彩/堀北真希/山田优/上野树里/松山研一/田中圭/佐田真由美/山本未来/竹山隆范/金子贵俊/胜村政信/远藤章造/谷启/滨田真里/阿部隆史,剧情,日本,,
东京狗 / 東京DOGS,东京狗,7.6,16758,成田岳/石井祐介,福田雄一,小栗旬/水岛宏/吉高由里子/胜地凉/三浦友和/友坂理惠/川口春奈/仲村亨/成宫宽贵,剧情/喜剧/动作/犯罪,日本/美国,,
热海的搜查官 / 熱海の捜査官,热海的搜查官,8.4,6587,三木聪,三木聪,小田切让/栗山千明/松重丰/布施绘里/山中聪/三吉彩花/二阶堂富美/田中哲司/岩松了/松尾铃木/萩原圣人/染谷将太,喜剧/悬疑,日本,,
孤独的美食家 第一季 / 孤独のグルメ Season1,孤独的美食家 第一季,8.7,28202,溝口憲司/宝来忠昭,田口佳宏/板坂尚,松重丰/山村美智/宮内順子/有賀さつき/下宮里穂子/安藤亮司/宮前希依/萤雪次朗/境博/塚田龍二,剧情,日本,,
在恒河游蝶泳 / ガンジス河でバタフライ,在恒河游蝶泳,7.7,3159,李斗士男,宫藤官九郎,长泽雅美/塚本高史/中谷美纪/石桥莲司/竹下景子,剧情,日本,,
爱情与灵药 / Love & Other Drugs,爱情与灵药,7.0,125713,爱德华·兹威克,查尔斯·伦道夫/爱德华·兹威克/Jamie Reidy/马歇尔·赫斯科维兹,安妮·海瑟薇/杰克·吉伦哈尔/朱迪·格雷尔/汉克·阿扎利亚/乔什·加德/奥利弗·普莱特/盖布瑞·马赫特/乔治·席格/吉尔·克雷伯格/凯特·詹宁斯·格兰特/凯瑟琳·温妮克,剧情/喜剧/爱情,美国,2010-11-24(美国),113分钟
心理游戏 / The Game,心理游戏,7.6,63326,大卫·芬奇,约翰·布兰卡托/迈克尔·费里斯,迈克尔·道格拉斯/西恩·潘/黛博拉·卡拉·安格/詹姆斯·瑞布霍恩/卡罗尔·贝克,动作/悬疑/惊悚/冒险,美国,1997-09-12,129 分钟
不准掉头 / U Turn,不准掉头,8.0,9332,奥利佛·斯通,约翰·里德利,西恩·潘/尼克·诺特/詹妮弗·洛佩兹/比利·鲍伯·松顿/丽芙·泰勒/杰昆·菲尼克斯/克莱尔·丹妮丝/强·沃特,剧情/惊悚/犯罪,法国/美国,1997-10-03,125 分钟
葬礼上的死亡 / Death at a Funeral,葬礼上的死亡,8.1,53793,弗兰克·奥兹,迪恩·克雷格,马修·麦克费登/凯莉·霍威/安迪·尼曼/艾文·布莱纳/黛西·唐洛范/艾伦·图代克/珍·爱舍/克里斯·马歇尔/鲁珀特·格雷夫斯/皮特·沃恩/托马斯 惠特利/皮特·艾甘/彼特·丁克拉奇/Brendan O'Hea/Jeremy Booth,喜剧,英国/美国/德国/荷兰,2007-07-19(德国),90 分钟
骗中骗 / The Sting,骗中骗,8.7,24379,乔治·罗伊·希尔,大卫·S·瓦德,保罗·纽曼/罗伯特·雷德福/罗伯特·肖/查尔斯·德恩,剧情/喜剧/犯罪,美国,1973-12-25,129 分钟
好家伙 / Goodfellas,好家伙,8.3,50869,马丁·斯科塞斯,马丁·斯科塞斯/尼古拉斯·派勒吉,罗伯特·德尼罗/雷·利奥塔/乔·佩西/洛南·布雷科/保罗·索维诺/弗兰克·西维罗/托尼·戴劳/迈克·斯塔尔/弗兰克·文森特/查克·洛/弗兰克·迪莱奥/亨利·扬曼/吉娜·马斯特罗吉科莫/凯瑟琳·斯科塞斯/查尔斯·斯科西斯/苏珊妮·谢泼德/黛比·玛扎/塞缪尔·杰克逊,剧情/喜剧/传记/犯罪,美国,1990-09-09(威尼斯电影节)/1990-09-19(美国),146分钟
热天午后 / Dog Day Afternoon,热天午后,8.6,32731,西德尼·吕美特,弗兰克·皮尔森,阿尔·帕西诺/约翰·凯泽尔/查尔斯·德恩/克里斯·萨兰登/詹姆斯·布罗德里克/Penelope Allen/约翰·马里奥特/苏利伯维尔/比尤拉加里克/卡洛·凯恩/Sandra Kazan/玛西娅·让·库尔茨/Amy Levitt/Carmine Foresta/埃斯特尔奥曼斯/加里·斯普林格,剧情/喜剧/犯罪,美国,1975-09-21(美国),125 分钟/131分钟(芬兰)
杀手安全套 / Kondom des Grauens,杀手安全套,7.2,2542,Martin Walz,,Udo Samel/Peter Lohmeyer/Marc Richter,喜剧/爱情/恐怖/同性,德国/瑞士,1996-08-29,103 分钟(法国)/107 分钟(德国)
阅后即焚 / Burn After Reading,阅后即焚,7.0,56322,伊桑·科恩/乔尔·科恩,乔尔·科恩/伊桑·科恩,乔治·克鲁尼/约翰·马尔科维奇/蒂尔达·斯文顿/弗兰西斯·麦克多蒙德/布拉德·皮特/J·K·西蒙斯/凯文·苏斯曼/大卫·拉斯彻/理查德·詹金斯/伊丽莎白·玛维尔,剧情/喜剧/犯罪,美国/英国/法国,2008-08-27(威尼斯电影节)/2008-09-12(美国),96分钟
僵尸胡安 / Juan de los Muertos,僵尸胡安,7.2,10204,亚历桑德罗·布鲁格斯,亚历桑德罗·布鲁格斯,安德丽·杜洛/约格·莫利纳/Luis Alberto García/Andros Perugorría/Jazz Vilá/Eliecer Ramírez/Antonio Dechent/Blanca Rosa Blanco,喜剧/恐怖,西班牙/古巴,2011-09-10(多伦多电影节)/2012-01-13(西班牙),96分钟
悲情城市,悲情城市,8.8,35575,侯孝贤,吴念真/朱天文,陈松勇/李天禄/高捷/辛树芬/陈淑芳/梁朝伟/太保/梅芳/林照雄/金士杰/柯素云/吳義芳,剧情,台湾/香港,1989-09-04(威尼斯电影节)/1989-10-21(台湾)/1989-12-21(香港),157分钟
沉默的羔羊 / The Silence of the Lambs,沉默的羔羊,8.7,336459,乔纳森·戴米,托马斯·哈里斯/泰德·塔里,朱迪·福斯特/安东尼·霍普金斯/斯科特·格伦/安东尼·希尔德/布鲁克·史密斯/卡斯·莱蒙斯/弗兰基·费森/泰德·拉文/崔西·沃特/丹·巴特勒/达拉,剧情/惊悚/犯罪,美国,1991-02-14(美国),118分钟
永远的三丁目的夕阳 / ALWAYS 三丁目の夕日,永远的三丁目的夕阳,8.8,26648,山崎贵,山崎贵/古泽良太,堀北真希/小雪/药师丸博子/堤真一/吉冈秀隆/小清水一挥/须贺健太/高桥昌也/益冈徹/神户浩/温水洋一/泷正则/饭田基祐/木村佑一/罇真佐子/三浦友和/麻木久仁子/奥贯薫/石丸谦二郎/小木茂光,剧情/家庭,日本,2005-11-05(日本),133 分钟
荒野生存 / Into the Wild,荒野生存,8.6,119241,西恩·潘,西恩·潘,埃米尔·赫施/马西娅·盖伊·哈登/威廉·赫特/吉娜·马隆/布莱恩·H.德里克/凯瑟琳·基纳/文斯·沃恩/克里斯汀·斯图尔特/哈尔·霍尔布鲁克/Jim Gallien/James O'Neill/Malinda McCollum/Paul Knauls/扎克·加利凡纳基斯/Craig Mutsch,剧情/传记/冒险,美国,2007-09-21(美国),148分钟
雨中曲 / Singin' in the Rain,雨中曲,8.9,88093,斯坦利·多南/吉恩·凯利,阿多夫·格林/贝蒂·康登,吉恩·凯利/唐纳德·奥康纳/黛比·雷诺斯/赛德·查里斯/简·哈根,喜剧/爱情/歌舞,美国,1952-04-11(美国),103 分钟
心动 / 心動,心动,8.2,59300,张艾嘉,关皓月/张艾嘉,金城武/梁咏琪/莫文蔚/张艾嘉/苏永康/金燕玲/戴立忍/杨雪仪/唐文龙/谷祖琳,爱情,香港/日本,1999-09-23(香港),115分钟(日本)
摇摆 / ゆれる,摇摆,7.6,4269,西川美和,西川美和,小田切让/香川照之/伊武雅刀/新井浩文/真木阳子/蟹江敬三/木村佑一/田口智朗/泷正则,剧情,日本,2006-07-08,121分钟
太平轮(上),太平轮(上),5.8,64209,吴宇森,王蕙玲/苏照彬/陈静慧,章子怡/金城武/宋慧乔/黄晓明/佟大为/长泽雅美/秦海璐/俞飞鸿/杨祐宁/杨贵媚/丛珊/吴飞霞/于震/王千源/林保怡/林美秀/高捷/黄柏钧/寇家瑞/许还幻/尤勇/刘仪伟/黑木瞳/寇世勋,剧情/爱情/战争,中国大陆/香港,2014-12-02(中国大陆)/2014-12-25(香港),129分钟
今天不上班 / きょうは会社休みます。,今天不上班,7.5,25007,中島悟/狩山俊輔,金子茂树,绫濑遥/福士苍汰/玉木宏/田口淳之介/千叶雄大/仲里依纱/吹越满/平岩纸/高畑淳子/浅野和之/香椎由宇/铃木杏树,剧情/爱情,日本,,
对不起青春 / ごめんね青春！,对不起青春,9.0,43890,山室大辅/金子文纪/福田亮介,宫藤官九郎,锦户亮/满岛光/永山绚斗/重冈大毅/波瑠/特林德尔·玲奈/白洲迅/黑岛结菜/森川葵/小关裕太/铃木贵之/矢本悠马/富山绘里子/久松郁实/龙星凉/齐藤由贵/森下爱子/江成一树/中村静香/绯田康人/宍户美和公/植木夏十/坂井真纪/生濑胜久/风间杜夫/川荣李奈/津田宽治/平田满/木村真那月/今野浩喜/麻生祐未,剧情/喜剧,日本,,
最好的时光 / 最好的時光,最好的时光,7.5,61966,侯孝贤,朱天文/侯孝贤,舒淇/张震/梅芳/廖淑珍/狄玫/陈诗姗,剧情/爱情,台湾,2005-10-28(台湾),130分钟
一个字头的诞生 / 一個字頭的誕生,一个字头的诞生,8.3,29566,韦家辉,韦家辉/司徒锦源/邹凯光,刘青云/吴镇宇/李若彤/徐锦江/张达明/郑祖/宋本中/黄卓玲,喜剧/动作/犯罪,香港,1997-03-14(香港),90 分钟
入殓师 / おくりびと,入殓师,8.8,308413,泷田洋二郎,小山薰堂,本木雅弘/广末凉子/山崎努/吉行和子/笹野高史/余贵美子,剧情,日本,2008-09-13(日本),130 分钟
情书 / Love Letter,情书,8.8,359223,岩井俊二,岩井俊二,中山美穗/丰川悦司/酒井美纪/柏原崇/范文雀/篠原胜之/光石研/小栗香织/酒井敏也/铃木庆一/田口智朗/神户浩/加贺麻理子/中村久美/盐见三省/铃木兰兰,剧情/爱情,日本,1995-03-25(日本),117分钟
盲探,盲探,7.1,127741,杜琪峰,韦家辉/游乃海/陈伟斌/余曦,刘德华/郑秀文/郭涛/高圆圆/王紫逸/郎月婷/卢海鹏/黄文慧/林雪/姜皓文,喜剧/爱情/悬疑/惊悚/犯罪,中国大陆/香港,2013-07-04(中国大陆/香港)/2013-05-19(戛纳电影节),129分钟
生命之树 / The Tree of Life,生命之树,6.9,29686,泰伦斯·马力克,泰伦斯·马力克,布拉德·皮特/西恩·潘/杰西卡·查斯坦/亨特·麦奎肯/拉勒米·艾普勒/泰伊·谢里丹/费奥纳·肖/威尔·华莱士/Jessica Fuselier/Nicolas Gonda/Kelly Koonce/Bryce Boudoin/Jimmy Donaldson/Kameron Vaughn/Cole Cockburn,剧情/家庭/奇幻,美国,2011-05-16(戛纳电影节)/2011-05-27(美国部分上映),139分钟
咒怨：终结的开始 / 呪怨 終わりの始まり,咒怨：终结的开始,5.5,4523,落合正幸,落合正幸,佐佐木希/青柳翔/特林德尔·玲奈/金泽美穗/高桥春织/黑岛结菜/最所美咲/小林飒/绯田康人/袴田吉彦/宫城大树/江田结香,恐怖,日本,2014-06-28(日本),91分钟
被嫌弃的松子的一生 / 嫌われ松子の一生,被嫌弃的松子的一生,8.9,265334,中岛哲也,中岛哲也/山田宗树,中谷美纪/瑛太/香川照之/市川实日子/伊势谷友介/柄本明/黑泽明日香/荒川良良/柴崎幸/土屋安娜/奥之矢佳奈/谷原章介/武田真治/片平渚/宫藤官九郎/角野卓造/田中要次/木村KAELA/谷中敦/剧团一人,剧情/歌舞,日本,2006-05-27(日本),130 分钟
少年神探狄仁杰,少年神探狄仁杰,6.1,2864,林峰,周炳坤,黄宗泽/林心如/袁弘/马天宇/戚薇/吴倩/孙骁骁,悬疑/古装,中国大陆,,
栋笃神探 / 棟篤神探,栋笃神探,8.7,13171,徐正康,蔡婷婷/林少枝,黄子华/蔡少芬/魏骏杰,喜剧/犯罪,香港,,
金田一少年事件簿1 / 金田一少年の事件簿 第1シリーズ,金田一少年事件簿1,8.9,8595,堤幸彦/佐藤东弥/櫨山裕子/金田和樹,深泽正树/大石哲也/加藤学生/田子明弘/成田はじめ,堂本刚/友坂理惠/古尾谷雅人/中山亚微梨/立川政市/三浦理惠子/茂吕师冈/洼冢洋介/山下真司/内野圣阳/清水纩治,剧情/悬疑/冒险,日本,,
律政英雄 / HERO,律政英雄,8.7,17074,铃木雅之,福田靖/大竹研/秦建日子/田辺満,木村拓哉/松隆子/三浦友和/大塚宁宁/阿部宽/角野卓造/儿玉清/小日向文世/八岛智人/胜村政信/田中要次/清水章吾/宫迫博之/梶原善/樱井幸子/高桥一生,剧情/悬疑,日本,,
萤之光 / ホタルノヒカリ,萤之光,8.5,43230,吉野洋/南云圣一/茂山佳則,水桥文美江/秀乐沙鹭,绫濑遥/藤木直人/加藤和树/国仲凉子/武田真治/板谷由夏/安田显/浅见伶奈,剧情/喜剧,日本,,
心理学家成海朔的挑战：少女为何必须失忆？ / なぜ少女は記憶を失わなければならなかったのか？～心の科学者・成海朔の挑戦～,心理学家成海朔的挑战：少女为何必须失忆？,7.4,2725,石田昌浩/森田俊介,松田裕子,山下智久/木村文乃/浅利陽介/渡邉このみ/波岡一喜/塚地武雅/木本武宏/中村靖日/星野真里/船越英一郎,剧情,日本,2014-10-01(日本),90分钟
